DIA;TEMP_MAX;TEMP_MIN;TEM_MED;TEMP_MED PTO_ORV;TEMP_MED BUL_MOL;DEG_DAYS_BASE_18,3°_AQC;DEG_DAYS_BASE_18,3°_RES;PRECIP;PRES_MED_EST;PRES_MED_MAR;;;;;;;;
2020-06-08;27,8;26,4;27,3;23,9;24,6;0;0,9;0;1009,5;1010,2;5,2;266;4,8;22,5;270;12,9;270;8
2020-06-09;30;27;28,4;24,4;25,2;0;5,196;0;1010,2;1012,6;6,2;91;6,4;24,1;68;17,7;68;9
2020-06-10;30,7;24,7;27,4;24,2;25;0;8,969;0;1010,5;1012,9;3,2;78;4,8;27,4;112;19,3;68;10
2020-06-11;31,1;24,9;27,6;24,1;24,9;0;9,263;0,2;1010,7;1013,1;6;61;6,4;29;68;17,7;68;11
2020-06-12;31,5;24,7;27;24,3;24,9;0;8,713;7,8;1009,9;1012,3;2,6;92;3,2;40,2;112;20,9;112;12
2020-06-13;31,7;24,6;26,7;24,6;25,1;0;8,376;14,2;1010,4;1012,8;1,7;115;1,6;43,5;68;25,7;68;13
2020-06-14;31;24,3;27,4;24,6;25,2;0;9,019;0,2;1010,9;1013,4;1,2;26;3,2;16,1;292;11,3;112;14
2020-06-15;29,7;23,5;26,3;24,1;24,6;0;7,954;16,2;1011,3;1013,7;1,1;338;1,6;29;112;11,3;112;15
2020-06-16;30,3;23,3;26,3;24,2;24,7;0;7,941;7,4;1010,8;1013,3;2,1;32;3,2;29;135;9,7;22;16
2020-06-17;30,7;23,6;26,3;24;24,5;0;7,919;35,4;1010,8;1013,2;1,6;62;3,2;27,4;135;14,5;135;17
2020-06-18;30,1;24,9;27;24,8;25,3;0;8,701;5;1010,6;1013;3,5;69;3,2;30,6;90;14,5;90;18
2020-06-19;31,1;25,3;28;24,9;25,6;0;9,66;2,4;1011,1;1013,5;6,4;79;6,4;27,4;45;12,9;90;19
2020-06-20;31,5;25,1;27,8;24,7;25,3;0;9,428;5;1010,9;1013,3;4,9;108;4,8;33,8;112;16,1;112;20
2020-06-21;31,5;24,3;27,1;24,6;25,1;0;8,718;7;1010,9;1013,3;3,8;93;4,8;40,2;90;19,3;90;21
2020-06-22;31,7;24,5;27,5;24,5;25,2;0;9,153;2,2;1010;1012,4;1,1;68;3,2;27,4;90;14,5;112;22
2020-06-23;30,8;24,6;26,7;24,8;25,2;0;8,392;12,2;1008,3;1010,7;0,4;247;1,6;27,4;112;14,5;135;23
2020-06-24;30,1;24,1;26,7;24,5;25;0;8,349;3,6;1008,8;1011,2;2,1;75;4,8;32,2;112;16,1;112;24
2020-06-25;31,6;25,4;28,5;24,8;25,6;0;9,769;0;1010,2;1012,6;6,2;82;6,4;24,1;112;12,9;90;25
2020-06-26;31,3;23,4;26,5;24,3;24,8;0;8,138;19,2;1009,7;1012,1;1,6;56;3,2;37;112;19,3;135;26
2020-06-27;30,8;24,2;27,2;24,5;25,1;0;8,883;1,2;1008,6;1011;3,4;72;4,8;24,1;45;12,9;90;27
2020-06-28;31,6;25;27,9;24,8;25,5;0;9,597;1;1008,7;1011,1;3,2;95;3,2;25,7;90;9,7;112;28
2020-06-29;31,5;24,3;27,4;24,5;25,1;0;9,073;4,4;1009,7;1012,1;3,5;74;4,8;27,4;158;14,5;90;29
2020-06-30;29,8;24,4;26,9;24,3;24,9;0;8,53;13,8;1010,1;1012,5;4;82;4,8;41,8;90;22,5;112;30
2020-07-01;31,8;23,6;27,6;24,2;24,9;0;9,286;0;1009,5;1011,9;2,5;63;3,2;17,7;45;9,7;45;1
2020-07-02;30,9;24,4;27,7;24,5;25,2;0;9,388;44,6;1009,2;1011,6;3,4;64;4,8;30,6;292;12,9;292;2
2020-07-03;31,7;24,4;28;24,7;25,4;0;9,664;0;1009;1011,4;3,9;74;4,8;22,5;68;12,9;112;3
2020-07-04;31,8;24,6;27,4;24,4;25,1;0;9,039;6,8;1008,9;1011,3;3,9;97;4,8;30,6;112;17,7;112;4
2020-07-05;31,9;24,2;27;24,5;25,1;0;8,644;1;1009,3;1011,8;2,4;54;3,2;38,6;68;19,3;68;5
2020-07-06;31,2;24,4;27,6;24,7;25,4;0;9,248;1,2;1009,9;1012,3;4,4;57;4,8;29;68;14,5;68;6
2020-07-07;30,7;24;27,2;24,1;24,8;0;8,895;2,2;1009,7;1012,2;3,5;78;4,8;29;135;16,1;112;7
2020-07-08;31,6;23,6;27,7;24,2;24,9;0;9,381;0;1009,5;1011,9;2,4;77;4,8;22,5;112;11,3;90;8
2020-07-09;30,9;24,8;27,9;24,8;25,5;0;9,6;1,6;1010,5;1012,9;3,4;89;3,2;41,8;90;20,9;112;9
2020-07-10;30,6;24,8;27,9;24,6;25,3;0;9,519;0;1010,7;1013,1;5,5;67;6,4;27,4;45;12,9;90;10
2020-07-11;29,5;24;26,7;24,3;24,8;0;8,345;26,6;1010,3;1012,7;2,1;74;3,2;37;90;16,1;112;11
2020-07-12;31,5;23,8;27,8;24,3;25,1;0;9,46;3,6;1010,4;1012,9;3,4;72;3,2;25,7;180;12,9;135;12
2020-07-13;33;24,6;28,7;24,7;25,6;0;10,363;0;1010,9;1013,4;3,4;82;3,2;19,3;45;11,3;90;13
2020-07-14;32,2;24,9;28,2;24,4;25,2;0;9,88;0,2;1011,3;1013,7;1,9;103;3,2;25,7;112;12,9;112;14
2020-07-15;31,7;24,3;27,9;24,3;25,1;0;9,549;0;1010,6;1013,1;5,1;77;6,4;27,4;68;14,5;90;15
2020-07-16;31,6;26,3;28,8;24,3;25,3;0;10,492;0;1011;1013,4;10;85;9,7;27,4;90;16,1;90;16
2020-07-17;32,1;24;28,3;24,3;25,2;0;9,523;0,6;1010,9;1013,3;5,5;91;4,8;43,5;158;25,7;135;17
2020-07-18;32,1;24,3;28,3;24,5;25,3;0;9,972;0,8;1010,1;1012,5;3,7;62;4,8;25,7;90;12,9;45;18
2020-07-19;31,5;24,1;27,2;23,9;24,7;0;8,881;12;1009,9;1012,4;3,5;92;3,2;40,2;112;17,7;135;19
2020-07-20;31,1;23,6;26,7;23,8;24,5;0;8,356;15,4;1009,6;1012;2;115;3,2;48,3;112;29;135;20
2020-07-21;31,6;23,6;27;23,7;24,4;0;7,568;0,2;1009;1011,5;2,4;89;4,8;32,2;135;14,5;135;21
2020-07-22;30,1;23,6;26,5;24;24,6;0;8,177;0;1009,6;1012;2,8;346;4,8;19,3;90;9,7;315;22
2020-07-23;31,2;23,9;27,4;24,4;25,1;0;9,044;0;1009,7;1012,2;3,8;43;4,8;19,3;68;9,7;68;23
2020-07-24;31,9;24,2;26,6;24,4;24,9;0;8,289;10;1009,8;1012,2;1,5;46;3,2;37;135;16,1;90;24
2020-07-25;30,7;23,3;25,8;23,8;24,3;0;7,445;2,2;1010,8;1013,2;1,2;352;3,2;30,6;90;14,5;90;25
2020-07-26;31,6;23,4;27,2;24;24,7;0;8,913;0;1010,9;1013,3;3;80;3,2;24,1;135;12,9;135;26
2020-07-27;33,3;24,1;28,5;24,3;25,1;0;10,138;0;1010,3;1012,7;2,3;113;3,2;16,1;112;8;90;27
2020-07-28;32,6;26,1;29;23,6;24,7;0;10,709;0;1010,4;1012,8;4,8;109;4,8;22,5;112;12,9;135;28
2020-07-29;31,3;24,4;28,5;24,2;25,2;0;9,775;0;1011,2;1013,6;5,5;88;4,8;25,7;68;12,9;90;29
2020-07-30;30,5;24,9;26,8;24,1;24,7;0;5,619;0;1010,4;1012,8;0,3;158;1,6;29;112;16,1;90;30
2020-07-31;33,2;24,9;28,4;23,8;24,8;0;10,042;0,2;1010,3;1012,8;2,6;109;3,2;25,7;112;16,1;112;31
2020-08-01;32,4;24,6;28,1;24,4;25,2;0;9,774;1,6;1011,4;1013,8;3,2;69;4,8;29;90;16,1;90;1
2020-08-02;31,8;23,8;28;24,4;25,2;0;9,682;21,2;1012,4;1014,8;5,7;73;6,4;29;90;12,9;68;2
2020-08-03;32,2;23,3;27;23,7;24,4;0;8,667;0,8;1013,6;1016,1;1,4;109;4,8;37;112;19,3;112;3
2020-08-04;31,7;23,2;27,4;23,6;24,4;0;9,055;3,8;1012,9;1015,3;3,5;80;3,2;38,6;68;22,5;90;4
2020-08-05;30,8;23,4;27,2;23,6;24,4;0;8,846;2,4;1012,4;1014,8;2,4;76;3,2;22,5;112;12,9;90;5
2020-08-06;32;23,9;28,1;24;24,8;0;9,723;0;1011,4;1013,9;3,2;61;4,8;29;45;14,5;90;6
2020-08-07;32,2;24,6;29;24,4;25,4;0;10,653;0;1012;1014,4;5,8;86;6,4;20,9;68;12,9;90;7
2020-08-08;32,6;25,7;29,4;24,8;25,8;0;11,084;0;1012,4;1014,8;5,9;85;6,4;22,5;68;12,9;90;8
2020-08-09;32,4;24,7;29;24,8;25,7;0;10,704;0;1012,1;1014,5;2,7;77;3,2;20,9;90;9,7;68;9
2020-08-10;32,6;25,4;28,6;24,8;25,6;0;10,225;0,2;1010,2;1012,6;5;84;6,4;25,7;112;14,5;112;10
2020-08-11;32,8;25,1;28,7;24,7;25,6;0;10,384;0;1008,8;1011,2;6,2;75;6,4;29;45;16,1;90;11
2020-08-12;32,6;25,1;28,4;24,8;25,6;0;10,107;5;1008,5;1010,9;5,1;66;6,4;30,6;135;17,7;135;12
2020-08-13;32,5;24,8;28,6;24,8;25,6;0;10,25;1;1008,5;1010,9;5;75;4,8;45,1;112;24,1;112;13
2020-08-14;32,3;27,4;29,4;25;25,9;0;11,106;0;1007,8;1010,2;12;81;11,3;32,2;68;19,3;90;14
2020-08-15;32,5;27,5;29,1;24,9;25,8;0;10,792;0;1007,4;1009,8;9,5;90;9,7;30,6;68;16,1;90;15
2020-08-16;32,7;27,1;29,2;25;25,9;0;10,878;0;1007,9;1010,3;9,3;86;9,7;30,6;68;16,1;90;16
2020-08-17;32,6;25,7;29;24,4;25,4;0;8,865;0;1007,7;1010,1;7,6;65;8;30,6;45;16,1;68;17
2020-08-18;32,6;25;28,6;24,4;25,3;0;8,952;0;1008,1;1010,5;6;59;8;27,4;90;16,1;90;18
2020-08-19;28,3;24,7;26;24,2;24,6;0;2,866;12,2;1009,2;1011,6;3,1;340;3,2;17,7;360;8;22;19
2020-08-22;31,8;26,5;30;25,1;26,1;0;4,389;0;1008,7;1011,1;9,1;94;8;25,7;112;16,1;90;22
2020-08-23;32,8;24,9;28,3;24,4;25,2;0;10,012;0;1009,9;1012,4;6,9;89;8;32,2;90;17,7;90;23
2020-08-24;31;23,5;26,8;24,3;24,9;0;7,051;30,6;1010,2;1012,6;2,1;77;4,8;46,7;112;29;135;24
2020-08-25;31,9;23,5;28,1;24,4;25,2;0;8,986;94,4;1009,6;1012;3,2;92;4,8;20,9;270;11,3;90;25
2020-08-26;32,2;24,9;29;24,7;25,6;0;10,69;0;1008,8;1011,2;5,4;91;4,8;19,3;90;9,7;90;26
2020-08-27;32,2;25,3;28,9;24,9;25,8;0;10,613;0;1009,3;1011,7;4,7;92;4,8;24,1;90;14,5;90;27
2020-08-28;31,6;25,6;28,8;25;25,8;0;10,43;0;1009,2;1011,6;6,6;92;8;27,4;68;16,1;90;28
2020-08-29;31,3;23,3;28,1;24,8;25,5;0;9,808;18,2;1008,4;1010,8;7,7;73;9,7;30,6;90;17,7;90;29
2020-08-30;32,2;24,3;28,4;24,6;25,4;0;10,056;1,8;1008,9;1011,3;9,6;91;9,7;45,1;135;24,1;135;30
2020-08-31;32,1;24,2;28;24,1;25;0;9,663;1,8;1010,4;1012,8;7,5;77;8;46,7;135;25,7;135;31
2020-09-01;31,5;23,5;27,5;23,8;24,6;0;9,144;0,4;1010,7;1013,1;6;70;6,4;29;112;16,1;90;1
2020-09-02;31,7;24,4;28,5;24,6;25,4;0;10,122;0;1009,2;1011,6;7,5;58;8;30,6;68;16,1;68;2
2020-09-03;31,9;24,8;28,8;24,6;25,5;0;10,464;0;1009,2;1011,6;7,2;56;8;29;68;12,9;68;3
2020-09-04;32,2;24,8;28,8;24,7;25,6;0;10,252;0;1010,7;1013,1;5,5;66;6,4;29;68;16,1;90;4
2020-09-05;32,8;26,9;29,5;25;25,9;0;10,914;0;1009,9;1012,3;9,5;88;9,7;29;90;17,7;90;5
2020-09-06;32,8;24,2;27,6;24,2;25;0;7,491;2,6;1008,6;1011;4,9;91;6,4;40,2;135;25,7;135;6
2020-09-07;32,1;24,1;28,2;24,6;25,4;0;9,71;0;1007,5;1009,9;5;68;6,4;25,7;68;14,5;90;7
2020-09-08;32,6;25,1;29,1;24,8;25,7;0;10,739;0;1007,8;1010,2;7;69;8;32,2;68;17,7;90;8
2020-09-09;32,6;25,3;28,4;24,7;25,5;0;8,416;0;1010,1;1012,6;6,6;66;8;27,4;45;14,5;68;9
2020-09-10;32,3;27,4;29,4;24,4;25,4;0;11,111;0;1010,6;1013;11,7;72;11,3;35,4;68;19,3;90;10
2020-09-11;31,8;25,3;28,9;24,3;25,3;0;10,523;0;1009,3;1011,7;7,8;62;8;32,2;90;16,1;68;11
2020-09-12;32,7;24,1;28,7;24,6;25,4;0;10,364;6,8;1009;1011,5;8,2;86;8;33,8;68;20,9;112;12
2020-09-13;32,3;24,2;28;24,7;25,4;0;9,621;0;1010,1;1012,5;6,2;76;6,4;30,6;68;16,1;112;13
2020-09-14;32,1;23,3;27,4;24,4;25,1;0;9,085;22;1010,8;1013,2;1,7;71;3,2;45,1;135;24,1;135;14
2020-09-15;32,4;23,6;28,2;24,3;25,1;0;9,914;0;1009,4;1011,8;3,5;80;4,8;30,6;90;17,7;90;15
2020-09-16;32,2;26,1;29,1;24,9;25,8;0;10,78;0;1008,9;1011,3;8;72;8;32,2;68;17,7;90;16
2020-09-17;31,8;25,4;28,9;24,9;25,7;0;10,588;0,2;1009,5;1011,9;8,8;68;8;33,8;68;20,9;90;17
2020-09-18;31,8;24,9;28,8;24,5;25,4;0;10,475;0;1010;1012,4;8,4;72;9,7;33,8;68;19,3;90;18
2020-09-19;31,7;25,2;28,8;24,3;25,3;0;10,503;0;1009,8;1012,3;8,5;74;9,7;30,6;68;17,7;90;19
2020-09-20;31,9;25,1;28,8;24,4;25,4;0;10,504;0;1009,1;1011,6;8,8;74;9,7;30,6;90;17,7;90;20
2020-09-21;31,9;25,3;28,9;24,3;25,3;0;10,546;0;1009,7;1012,1;8,8;70;9,7;30,6;45;17,7;90;21
2020-09-22;31,8;25,3;28,8;24,4;25,3;0;10,434;0;1010,6;1013;9,5;65;9,7;33,8;45;19,3;68;22
2020-09-23;32,1;24,2;28,7;24;25;0;10,378;0;1011,4;1013,9;9;65;9,7;30,6;45;17,7;68;23
2020-09-24;31,7;25,1;28,7;23,6;24,7;0;10,413;0;1011,5;1013,9;8,6;53;8;32,2;90;19,3;90;24
2020-09-25;31,4;25,3;28,4;24,1;25;0;10,097;2,2;1010,5;1012,9;7,7;63;9,7;35,4;45;17,7;90;25
2020-09-26;31,8;24,6;28,3;24;24,9;0;9,981;0,4;1009;1011,5;7,3;81;8;30,6;68;16,1;112;26
2020-09-27;32,1;24,2;28,2;24,2;25;0;9,818;0;1008,5;1010,9;7,2;87;8;35,4;90;17,7;112;27
2020-09-28;31,8;25,8;29;24,4;25,4;0;10,638;0;1008,5;1010,9;10,5;70;11,3;32,2;68;20,9;68;28
2020-09-29;32,2;25,2;28,9;24,3;25,3;0;10,6;0;1009,5;1011,9;9,2;68;9,7;30,6;68;17,7;90;29
2020-09-30;32,1;24,9;28,8;24,2;25,2;0;10,5;0;1008,9;1011,3;9,3;58;9,7;30,6;68;19,3;68;30
2020-10-01;32,4;24,2;28,8;24,1;25,1;0;10,443;0;1007,5;1009,9;6,6;69;8;25,7;90;14,5;90;1
2020-10-02;33;24,4;28,6;24,3;25,2;0;10,307;0;1008;1010,4;5;83;6,4;27,4;112;14,5;112;2
2020-10-03;32,2;24,9;29,1;24,7;25,6;0;10,733;0;1008,7;1011,1;8,8;68;9,7;32,2;90;17,7;90;3
2020-10-04;32,2;25,1;29,3;24,7;25,7;0;10,983;0;1008,6;1011,1;9;75;9,7;30,6;90;16,1;90;4
2020-10-05;32,4;25,4;29,1;24,5;25,5;0;10,808;0;1008,8;1011,3;9;68;9,7;30,6;90;17,7;90;5
2020-10-06;32,7;25,8;29,2;24,6;25,6;0;10,868;0,2;1009,4;1011,9;9,7;68;9,7;38,6;68;20,9;68;6
2020-10-07;32,1;26,1;29,4;24,4;25,4;0;11,057;0;1011;1013,4;9,8;59;9,7;30,6;68;17,7;68;7
2020-10-08;32;25,7;29;24,1;25,1;0;10,64;0;1010,6;1013;9,3;54;9,7;30,6;68;17,7;90;8
2020-10-09;32,3;24,8;28,9;24,1;25,1;0;10,577;0;1010,9;1013,4;8,6;58;9,7;29;68;16,1;90;9
2020-10-10;31,9;24,3;28,5;23,8;24,8;0;10,21;0;1010,9;1013,3;7,7;65;8;32,2;68;16,1;90;10
2020-10-11;32,4;24,6;28,8;23,4;24,6;0;10,425;0;1010,5;1012,9;8,5;72;9,7;29;90;16,1;90;11
2020-10-12;32,9;24,7;29,1;24,2;25,2;0;10,74;0;1009,8;1012,3;6,3;79;6,4;27,4;45;16,1;68;12
2020-10-13;32,7;25,5;29,3;23,7;24,9;0;10,953;0;1009,2;1011,6;10,5;60;11,3;32,2;90;19,3;90;13
2020-10-14;32,1;25,3;29,1;23,9;25;0;10,782;0;1008,9;1011,3;10,3;53;11,3;32,2;90;19,3;45;14
2020-10-15;32,2;24,7;28,9;23,9;25;0;10,52;0;1009,1;1011,5;8,5;55;9,7;32,2;68;19,3;68;15
2020-10-16;32,1;24,9;28,9;23,4;24,6;0;10,597;0;1010;1012,4;8,4;50;9,7;29;90;16,1;90;16
2020-10-17;32;24,8;29;23,7;24,8;0;10,622;0;1008,9;1011,3;9,7;58;9,7;30,6;45;17,7;90;17
2020-10-18;32,3;25,9;29,1;24,6;25,6;0;10,808;0,4;1007,7;1010,1;10,7;72;11,3;38,6;68;22,5;90;18
2020-10-19;32;25,1;28,9;24,2;25,2;0;10,586;0;1007,8;1010,2;8,9;70;9,7;33,8;68;19,3;90;19
2020-10-20;32,9;25,2;29,4;24,6;25,6;0;11,044;0;1008,8;1011,2;9,3;64;9,7;32,2;90;17,7;45;20
2020-10-21;32,9;25,4;29,5;24,7;25,7;0;11,204;0;1009,8;1012,2;9,9;57;9,7;32,2;68;17,7;90;21
2020-10-22;32,2;24,7;28,9;24,3;25,2;0;10,479;0;1009,4;1011,8;7,6;55;9,7;29;360;17,7;90;22
2020-10-23;32,3;24,6;29;23,9;24,9;0;10,676;0;1009;1011,4;8,8;57;9,7;32,2;68;17,7;45;23
2020-10-24;32,6;25,2;29;24,4;25,4;0;10,707;0;1008,4;1010,8;9,8;62;11,3;35,4;90;19,3;90;24
2020-10-25;32,9;24,8;28,9;24,2;25,2;0;10,614;0;1008,3;1010,8;5,3;52;6,4;24,1;112;14,5;68;25
2020-10-26;32,2;24,4;28,7;24,3;25,2;0;10,416;0;1008,1;1010,5;7,2;76;9,7;27,4;68;17,7;90;26
2020-10-27;32,5;24,9;28,6;24,6;25,5;0;10,311;0;1007,2;1009,6;6,3;82;8;32,2;90;20,9;90;27
2020-10-28;32,7;25,6;29;25;25,8;0;10,688;0;1006;1008,4;7,8;80;8;32,2;68;22,5;90;28
2020-10-29;32,3;25,5;29,3;25,1;26;0;10,975;0;1006,4;1008,8;8,9;60;9,7;35,4;68;17,7;68;29
2020-10-30;32,6;26;29,3;24,5;25,5;0;10,997;0;1008,3;1010,7;9,1;51;9,7;32,2;45;17,7;90;30
2020-10-31;32,6;24,4;28,8;24,6;25,5;0;10,464;0;1008,3;1010,7;9,6;68;9,7;30,6;68;17,7;68;31
2020-11-01;33,4;25,1;29,2;24,7;25,7;0;10,873;0;1007,6;1010;6,7;69;8;27,4;90;17,7;90;1
2020-11-02;32,7;24,9;29,1;24,4;25,4;0;10,73;0;1007;1009,4;5,3;51;8;25,7;68;16,1;112;2
2020-11-03;32,2;25,3;28,1;24,7;25,4;0;9,396;4;1008,4;1010,8;1,4;33;6,4;37;68;14,5;112;3
2020-11-04;30,3;23,7;26,9;24,6;25,1;0;8,606;46,8;1008,9;1011,3;4,6;81;4,8;64,4;292;16,1;22;4
2020-11-05;31,1;24,4;26,7;24,5;25;0;8,416;3,2;1007,8;1010,3;3,2;51;4,8;37;68;22,5;90;5
2020-11-06;31,8;24,3;27,7;24,2;25;0;9,381;0;1008,2;1010,6;6,8;91;6,4;33,8;90;20,9;90;6
2020-11-07;31,4;26;28,2;24,9;25,6;0;9,872;2,6;1009,3;1011,7;8,6;91;9,7;35,4;90;17,7;90;7
2020-11-08;32,6;25,3;29,1;25;25,9;0;10,816;0;1009,3;1011,7;10,2;58;11,3;37;45;19,3;90;8
2020-11-09;32,4;23,9;28,6;23,9;24,9;0;10,237;0;1009,2;1011,6;7,6;45;8;33,8;68;19,3;68;9
2020-11-10;31,7;24,8;27,8;24,7;25,4;0;9,483;0,8;1009,1;1011,5;3,5;70;6,4;24,1;135;16,1;135;10
2020-11-11;30,9;24,9;27,7;24,7;25,4;0;9,351;5,6;1009,2;1011,6;5;80;6,4;29;45;16,1;90;11
2020-11-12;31,1;24,4;27,8;24,7;25,4;0;9,422;2,2;1008,4;1010,8;4,3;64;4,8;32,2;45;16,1;68;12
2020-11-13;31,9;25,1;28,5;24,9;25,6;0;10,178;4,6;1008,2;1010,6;5,8;83;6,4;30,6;45;17,7;90;13
2020-11-14;31,2;24,9;28;25;25,7;0;9,641;38,4;1008,1;1010,5;5,4;53;6,4;30,6;45;16,1;90;14
2020-11-15;31,5;26;28,7;25;25,8;0;10,393;0;1007,9;1010,3;9,3;50;9,7;30,6;68;19,3;68;15
2020-11-16;31,4;25,1;28,7;25;25,8;0;10,38;1,4;1008;1010,4;6,9;59;8;25,7;68;16,1;90;16
2020-11-17;31,1;25;27,5;24,7;25,3;0;9,145;2,2;1007,1;1009,5;3,4;50;4,8;29;45;17,7;45;17
2020-11-18;31,2;24,6;27,5;24,5;25,1;0;9,168;0;1007,6;1010;3,4;11;6,4;22,5;338;14,5;90;18
2020-11-19;30,1;24,3;26,6;23,9;24,6;0;7,959;0;1008,8;1011,3;1,5;334;4,8;22,5;45;12,9;135;19
2020-11-20;31,6;24,7;27,4;24,3;25;0;8,776;0;1008;1010,4;5,4;76;6,4;32,2;68;20,9;68;20
2020-11-21;31,9;24,4;28,4;24,7;25,5;0;10,034;0;1007,1;1009,5;7,8;78;8;32,2;68;19,3;90;21
2020-11-22;30,4;23,9;26,5;24,2;24,7;0;8,176;88,6;1008,8;1011,2;2;64;4,8;24,1;45;14,5;68;22
2020-11-23;28,2;23,8;25,9;23,9;24,4;0;7,555;7,6;1009,7;1012,1;4,2;69;4,8;25,7;45;14,5;22;23
2020-11-24;30,1;24,3;26,4;24,3;24,8;0;8,032;12;1008,9;1011,3;3,9;78;4,8;38,6;45;16,1;68;24
2020-11-25;30,2;23,9;25,5;24;24,4;0;2,944;0;1008,6;1011;1,8;19;3,2;24,1;90;12,9;68;25
2020-11-26;29,2;23,8;25,9;24,1;24,5;0;6,59;17,2;1007,9;1010,3;1,9;85;3,2;37;135;24,1;135;26
2020-11-27;30,5;23,6;27,2;24,5;25,1;0;8,858;2;1008,1;1010,5;5,4;81;6,4;37;112;20,9;112;27
2020-11-28;30,1;24,2;27,4;24,7;25,3;0;6,029;2,2;1008,8;1011,2;7,2;85;8;32,2;45;20,9;90;28
2020-11-29;30,2;25;27,5;25,1;25,6;0;9,127;25,8;1008,7;1011,1;5,5;40;6,4;32,2;90;14,5;90;29
2020-11-30;31,3;24,6;28,1;24,4;25,2;0;9,8;0;1009,1;1011,5;4,2;55;4,8;19,3;360;11,3;68;30
2020-12-01;31,5;25,1;28;24,7;25,4;0;9,647;0,2;1008,6;1011;5,2;74;6,4;32,2;135;20,9;112;1
2020-12-02;31,6;25,2;28,4;25;25,7;0;10,049;0,4;1008,4;1010,8;7,6;50;8;32,2;90;19,3;90;2
2020-12-03;31,6;24,8;28,6;24,6;25,5;0;10,307;0;1008,9;1011,3;8,9;57;9,7;30,6;45;17,7;90;3
2020-12-04;31,8;25,1;28,5;24,4;25,3;0;10,165;0;1009,3;1011,8;7,2;46;8;29;45;16,1;68;4
2020-12-05;31,7;25,3;28,4;24,6;25,4;0;10,115;1,6;1009,5;1011,9;8,1;51;8;32,2;112;19,3;90;5
2020-12-06;31,6;24,8;28,4;24,4;25,2;0;9,666;2;1009,2;1011,6;9;56;9,7;37;90;17,7;68;6
2020-12-07;31,8;27,8;29,7;24,9;25,9;0;4,747;0;1008,8;1011,2;10,3;71;11,3;33,8;68;17,7;45;7
2020-12-08;31,1;24,9;27,2;24,5;25,1;0;8,828;20,2;1010,4;1012,8;2,6;73;4,8;37;135;22,5;112;8
2020-12-09;28,3;23,5;25,9;24,1;24,5;0;7,529;6;1010,7;1013,2;0,4;351;1,6;38,6;112;20,9;90;9
2020-12-10;29,2;22,8;26,6;24,1;24,6;0;8,249;9,8;1009,6;1012;4,9;81;6,4;35,4;112;16,1;90;10
2020-12-11;31,5;23,7;27,7;24,3;25;0;9,262;0;1008,4;1010,8;7,4;63;6,4;25,7;45;14,5;45;11
2020-12-12;31,1;24,3;27,8;24,5;25,2;0;9,483;2;1008,9;1011,3;6,3;50;6,4;30,6;68;16,1;90;12
2020-12-13;31,7;24,8;28,5;24,5;25,3;0;10,167;0;1009,2;1011,7;8,2;50;8;30,6;45;17,7;68;13
2020-12-14;31,2;24,7;28;24,4;25,2;0;9,668;0;1008,5;1011;5,7;45;6,4;33,8;90;17,7;90;14
2020-12-15;30,8;24,2;27,6;24,6;25,2;0;9,222;0;1007,9;1010,3;3,8;68;6,4;25,7;112;17,7;90;15
2020-12-16;29,2;22,9;26,2;24;24,5;0;7,916;33;1009;1011,4;2,4;90;4,8;40,2;112;22,5;112;16
2020-12-17;30,2;23,8;26,9;24,3;24,9;0;8,555;18;1009;1011,4;6,5;52;6,4;37;90;19,3;112;17
2020-12-18;30;23,4;27,1;24,3;24,9;0;8,721;0,6;1008;1010,4;5,6;57;6,4;27,4;68;16,1;68;18
2020-12-19;30,6;24,4;27;24,4;25;0;8,671;4,6;1007,2;1009,6;2,6;42;4,8;35,4;68;17,7;68;19
2020-12-20;31,1;24,5;27,8;24,5;25,2;0;9,474;0;1008;1010,4;4,7;63;6,4;27,4;68;14,5;90;20
2020-12-21;31,7;24,4;28,1;24,1;24,9;0;9,779;0;1008,8;1011,2;6;70;6,4;30,6;90;19,3;90;21
2020-12-22;31,5;23,8;27,5;23,5;24,3;0;9,127;0;1008,6;1011;3,9;55;4,8;22,5;68;14,5;90;22
2020-12-23;31,3;23,8;27,5;23,7;24,5;0;9,153;0;1007,7;1010,1;4,6;65;6,4;27,4;68;14,5;90;23
2020-12-24;30,7;24,4;27,5;24,4;25,1;0;9,128;0;1007,6;1010;4,6;56;6,4;25,7;68;16,1;68;24
2020-12-25;31,1;24,6;26,6;24;24,6;0;8,26;4,6;1006,5;1008,9;3,3;37;4,8;35,4;112;19,3;112;25
2020-12-26;30,8;24,4;26,4;23,7;24,3;0;8,077;0,2;1006,3;1008,7;4,2;69;4,8;38,6;135;20,9;135;26
2020-12-27;31,3;23,7;27,4;23,9;24,7;0;9,08;1,4;1006,9;1009,3;8;79;8;33,8;90;19,3;45;27
2020-12-28;31,1;25,3;28,4;24,8;25,6;0;10,061;0,4;1007,5;1009,9;8,8;65;9,7;33,8;45;20,9;90;28
2020-12-29;31,6;24,9;28,2;24,5;25,3;0;9,821;3;1007,1;1009,5;6,7;55;8;29;45;17,7;90;29
2020-12-30;31,4;24,5;28,3;24,7;25,4;0;9,932;3;1007,4;1009,8;6,3;56;8;30,6;90;17,7;90;30
2020-12-31;30,2;24,6;26,8;24,5;25;0;8,148;0,6;1009,3;1011,7;1;356;3,2;20,9;22;11,3;135;31
2021-01-01;30,8;23,1;27,2;24,1;24,8;0;8,877;15;1009,7;1012,1;3;75;4,8;46,7;112;19,3;112;1
2021-01-02;30,7;24,8;27,3;24,7;25,3;0;8,929;15,8;1008,3;1010,8;3,8;50;4,8;35,4;90;19,3;90;2
2021-01-03;30,1;23,6;25,9;24,2;24,6;0;7,589;13,8;1007,7;1010,1;4,5;328;4,8;46,7;68;24,1;90;3
2021-01-04;30,4;23,3;26,9;24,2;24,8;0;8,561;2,6;1007,8;1010,2;4,4;28;6,4;29;45;16,1;68;4
2021-01-05;31,2;24,3;27,1;24,3;24,9;0;8,794;0;1008;1010,5;4,6;47;6,4;45,1;112;24,1;112;5
2021-01-06;31,6;24,5;28,1;24,7;25,5;0;9,816;0;1008;1010,4;6;52;6,4;25,7;90;14,5;90;6
2021-01-07;31,2;24,6;26,8;24,3;24,9;0;4,573;0;1009;1011,5;2;20;3,2;20,9;68;12,9;68;7
2021-01-10;30,5;27;29;24,9;25,8;0;1,339;0;1007,5;1009,9;8;74;8;29;45;12,9;90;10
2021-01-11;28,3;24,7;26,1;24,2;24,7;0;2,598;0,4;1009,3;1011,7;2,4;329;3,2;14,5;22;8;68;11
2021-01-12;30,9;24,1;27,6;24,5;25,1;0;9,231;0,2;1009;1011,4;5,8;47;8;25,7;90;16,1;68;12
2021-01-13;30,6;24,6;27,7;24,5;25,2;0;9,397;0;1008,4;1010,8;6,1;47;8;33,8;68;20,9;90;13
2021-01-14;31,3;24,3;28;24,6;25,3;0;9,634;0;1007,6;1010;8,3;58;9,7;35,4;90;20,9;90;14
2021-01-15;31,5;24,4;27,8;24,5;25,3;0;9,49;4,2;1007,4;1009,8;7,1;60;6,4;48,3;90;22,5;90;15
2021-01-16;31,9;23,7;27,1;24,2;24,9;0;8,738;2,8;1007;1009,4;2,9;42;4,8;30,6;112;17,7;112;16
2021-01-17;31,5;23,7;26,9;24;24,7;0;8,589;0,2;1007,2;1009,6;3,5;48;4,8;38,6;135;22,5;112;17
2021-01-18;30,2;24,1;26,2;23,7;24,3;0;7,865;1,4;1008,1;1010,6;3,9;46;6,4;35,4;45;17,7;68;18
2021-01-19;30,2;23,6;25,4;23,5;24;0;7,062;5,4;1008,3;1010,8;4,4;354;4,8;30,6;22;14,5;90;19
2021-01-20;27,1;22,6;24,6;23,1;23,5;0;6,271;30,2;1008,8;1011,2;3,6;54;3,2;25,7;90;16,1;68;20
2021-01-21;30,5;23,6;26,3;24;24,5;0;7,925;4,2;1008,8;1011,2;2,2;94;3,2;37;112;20,9;112;21
2021-01-22;29,4;23,4;26,2;23,7;24,3;0;7,843;0,6;1010;1012,4;2,3;34;3,2;20,9;135;9,7;112;22
2021-01-23;30,9;24,3;27,2;24,5;25,1;0;8,887;0,6;1008,9;1011,3;5,6;43;6,4;29;90;17,7;90;23
2021-01-24;30,2;23,8;26,6;24,5;25;0;8,292;3;1007,9;1010,3;3,8;63;4,8;53,1;112;30,6;135;24
2021-01-25;29,4;24,3;26,5;24,2;24,7;0;8,166;10,8;1008;1010,4;2,8;26;4,8;20,9;45;11,3;45;25
2021-01-26;29,3;23,8;25,4;23,6;24;0;7,1;0,2;1008,5;1010,9;2,4;12;4,8;27,4;90;16,1;68;26
2021-01-27;31,2;22,9;25,5;23,5;24;0;7,188;0,4;1008,3;1010,7;3,5;344;4,8;43,5;360;24,1;22;27
2021-01-28;29,3;23,3;25,8;23,6;24,1;0;7,417;8,2;1008,4;1010,8;4,3;59;4,8;29;90;17,7;90;28
2021-01-29;28;22,8;25,1;23,4;23,8;0;6,806;6,8;1008;1010,4;2,5;66;4,8;41,8;68;19,3;68;29
2021-01-30;28,6;23,3;25,8;24,2;24,6;0;7,5;22;1008,9;1011,3;3,7;60;4,8;40,2;158;16,1;112;30
2021-01-31;30,9;24,5;27,6;25;25,6;0;9,233;3,2;1008,6;1011;6,5;44;6,4;27,4;90;16,1;68;31
2021-02-01;30,4;24,9;26,8;24,6;25,1;0;8,482;7,6;1008;1010,4;5,2;62;6,4;38,6;112;17,7;112;1
2021-02-02;28;21,9;25,1;23,8;24,1;0;6,8;52,8;1008,7;1011,1;2,5;58;4,8;41,8;135;19,3;112;2
2021-02-03;30,4;23,8;26,9;24,7;25,2;0;8,537;0,8;1009;1011,4;5,9;59;6,4;43,5;90;22,5;90;3
2021-02-04;29,3;24,8;26,5;24,3;24,8;0;8,168;0,2;1009,6;1012,1;4,8;18;4,8;29;68;16,1;22;4
2021-02-05;31,3;24,5;27,6;24,7;25,3;0;9,311;0;1008,2;1010,6;6,6;47;8;29;45;16,1;90;5
2021-02-06;30,6;24,1;27,3;24,8;25,4;0;8,965;1,4;1008,7;1011,1;3,2;47;4,8;25,7;45;12,9;90;6
2021-02-07;30;24,5;26,1;23,6;24,2;0;7,791;3;1009,6;1012;6,3;48;8;45,1;68;25,7;90;7
2021-02-08;30,1;23,1;25,6;23,6;24,1;0;7,278;3,2;1009;1011,4;3,2;26;4,8;33,8;68;17,7;90;8
2021-02-09;30,1;23,7;26,2;23,9;24,5;0;7,905;8,2;1008,3;1010,7;5,3;40;6,4;30,6;45;14,5;22;9
2021-02-10;29,4;23,6;25,6;23,1;23,7;0;7,304;7,4;1008,7;1011,1;3,7;72;3,2;25,7;68;14,5;90;10
2021-02-11;27,1;22,8;25;23,5;23,8;0;6,681;26,4;1008,6;1011;4;81;4,8;24,1;135;12,9;135;11
2021-02-12;29,3;23,9;26,1;24,4;24,8;0;7,488;2,8;1007,7;1010,1;6,8;77;4,8;45,1;90;24,1;90;12
2021-02-13;29,6;24,1;26,4;24,5;24,9;0;8,056;9,6;1008,1;1010,5;7,1;39;6,4;33,8;90;19,3;90;13
2021-02-14;29,1;24,2;25,4;24,1;24,4;0;6,153;23,8;1007,8;1010,2;4,9;45;4,8;40,2;68;20,9;68;14
2021-02-15;29,6;24,6;26,7;23,8;24,5;0;5,221;3;1009,4;1011,8;6,3;20;4,8;33,8;45;19,3;68;15
2021-02-16;29,9;23,8;26;23,4;24;0;7,63;0;1009,7;1012,1;4,2;356;4,8;29;68;16,1;45;16
2021-02-17;29,7;23,2;25,7;23,4;23,9;0;7,338;11,6;1009,3;1011,7;3,2;358;4,8;24,1;68;11,3;22;17
2021-02-18;29,7;23,1;25,5;23,1;23,7;0;7,158;1,8;1010;1012,4;4,6;7;6,4;35,4;68;16,1;90;18
2021-02-19;27,2;23,7;24,8;23,2;23,6;0;6,488;24,2;1010,4;1012,8;4,5;15;4,8;27,4;22;14,5;45;19
2021-02-20;29,6;23,3;25,3;23,3;23,8;0;6,982;30,4;1010,3;1012,8;6,1;47;6,4;35,4;68;19,3;90;20
2021-02-21;29,8;23,4;25,4;23,4;23,8;0;7,037;8,6;1010,1;1012,5;4,3;46;4,8;33,8;112;16,1;112;21
2021-02-22;25,5;22,6;24,1;22,9;23,2;0;5,779;19,2;1010,8;1013,2;5,8;26;4,8;37;45;17,7;45;22
2021-02-23;29,6;22,9;26,4;23,7;24,3;0;8,03;1,4;1009,9;1012,3;4,9;56;6,4;30,6;68;16,1;68;23
2021-02-24;29,1;24,7;26,9;24,5;25;0;8,599;3,4;1009,4;1011,8;5,2;63;4,8;29;45;16,1;90;24
2021-02-25;28,6;23,7;26,2;24,1;24,6;0;7,882;25,2;1008,4;1010,8;6;50;6,4;25,7;68;16,1;68;25
2021-02-26;27,2;23,6;25;23,5;23,9;0;6,35;15;1008,1;1010,6;3,6;34;4,8;32,2;45;14,5;45;26
2021-02-27;28,9;23,4;25,5;23,8;24,2;0;7,151;8,2;1007,6;1010;3,2;17;3,2;29;90;19,3;90;27
2021-02-28;29,5;23,9;26,2;23,9;24,4;0;7,826;9,8;1006,4;1008,8;3,2;38;4,8;37;90;19,3;90;28
2021-03-01;29,9;23;25,3;23,3;23,8;0;7,014;16,4;1006,1;1008,5;2;46;4,8;49,9;90;27,4;90;1
2021-03-02;28,6;22,9;24,1;22,7;23,1;0;5,758;11,4;1008,2;1010,6;1,4;65;3,2;38,6;135;22,5;112;2
2021-03-03;29,8;22,5;25,7;23,4;24;0;7,378;0;1010,1;1012,5;3,7;23;4,8;24,1;90;14,5;45;3
2021-03-04;29,8;23,4;26,2;24;24,5;0;7,914;2;1009,7;1012,1;4,4;78;4,8;30,6;90;16,1;90;4
2021-03-05;27,6;22,3;25,3;23,9;24,2;0;6,937;55;1009;1011,4;1,8;31;3,2;32,2;180;16,1;135;5
2021-03-06;29,1;23,6;25,6;24;24,4;0;7,222;4,6;1009,2;1011,6;1,4;22;3,2;24,1;90;14,5;90;6
2021-03-07;28,9;23,9;25,3;23,8;24,1;0;6,993;20,4;1009,9;1012,3;6;57;6,4;48,3;90;22,5;68;7
2021-03-08;29,5;23,9;26,4;24,6;25;0;8,05;1,4;1008,7;1011,1;4,3;73;3,2;24,1;68;14,5;90;8
2021-03-09;28,5;22,6;25,3;23,6;24;0;6,944;52,2;1009;1011,4;6,1;73;4,8;37;158;19,3;112;9
2021-03-10;28,7;23,5;24,9;23,2;23,6;0;6,612;3;1009;1011,4;3,5;39;4,8;29;90;17,7;90;10
2021-03-11;30,2;22,8;25,9;23,6;24,1;0;7,526;2,4;1009,1;1011,5;1,5;86;3,2;22,5;135;14,5;135;11
2021-03-12;27,9;22;24,7;23,4;23,7;0;6,087;58,6;1010,5;1012,9;3,2;280;3,2;25,7;90;12,9;90;12
2021-03-13;31,3;23,9;26,3;24,1;24,6;0;7,953;0;1010;1012,4;1,8;16;3,2;27,4;68;16,1;90;13
2021-03-14;31,6;23,1;26,3;23,6;24,2;0;7,642;0;1010,3;1012,7;1,7;46;3,2;17,7;68;11,3;90;14
2021-03-15;30,9;23,8;27,1;24,3;24,9;0;8,719;0;1010;1012,4;4,3;49;4,8;30,6;68;16,1;68;15
2021-03-16;30,9;24,6;27,4;24,5;25,2;0;9,111;0,2;1008,5;1011;6,5;50;6,4;29;68;16,1;90;16
2021-03-17;30,8;23,6;27,2;23,9;24,6;0;8,91;0;1008,5;1010,9;5,8;44;8;30,6;22;16,1;90;17
2021-03-18;31,1;23,2;27,2;23,1;24;0;8,891;0;1008,2;1010,6;4,9;343;4,8;24,1;22;11,3;22;18
2021-03-19;29,1;24,4;26,4;23,5;24,2;0;8,066;5,4;1009,1;1011,5;3;22;4,8;22,5;68;11,3;315;19
2021-03-20;29,8;23,1;26,9;24;24,7;0;8,597;43,6;1009,5;1011,9;5,6;78;4,8;27,4;112;17,7;112;20
2021-03-21;30,7;24,2;27,2;24;24,7;0;8,913;2,8;1009,8;1012,2;4;58;4,8;22,5;90;14,5;90;21
2021-03-22;29,1;23,4;25,9;23,9;24,3;0;7,526;12,4;1009,9;1012,3;3,6;69;4,8;25,7;112;16,1;90;22
2021-03-23;31,2;23,9;27,2;24,2;24,9;0;8,868;19,6;1009;1011,4;5,5;81;4,8;25,7;90;12,9;90;23
2021-03-24;25,2;22,4;24,2;23,4;23,6;0;5,825;125;1010,4;1012,9;2,4;304;3,2;29;202;12,9;180;24
2021-03-25;29,2;22,9;25,6;23,7;24,2;0;7,309;6,4;1010,9;1013,3;4,4;77;4,8;30,6;22;16,1;90;25
2021-03-26;28,3;24,4;26,2;24;24,5;0;7,837;1,8;1010,4;1012,8;7,7;80;6,4;29;90;17,7;90;26
2021-03-27;30,3;24,3;26,9;24,1;24,7;0;8,533;0,6;1009,5;1011,9;5,2;59;4,8;29;45;14,5;90;27
2021-03-28;28,7;23,7;25,8;23,7;24,2;0;7,169;2,6;1009,1;1011,5;4,6;46;4,8;29;45;17,7;68;28
2021-03-29;28,9;24,3;26,7;24,6;25,1;0;8,356;13;1008,8;1011,2;6;50;6,4;29;68;14,5;68;29
2021-03-30;28,3;24,3;25,7;24,3;24,6;0;7,4;16,4;1008,8;1011,2;4,1;38;3,2;24,1;68;12,9;45;30
2021-03-31;29,7;24,2;26;24,2;24,7;0;7,716;4;1007,3;1009,7;3,9;29;3,2;40,2;90;17,7;90;31
2021-04-01;29,2;23,6;25,7;23,5;24;0;7,409;13,2;1008,1;1010,5;4,6;347;4,8;25,7;22;12,9;22;1
2021-04-02;29,9;24;26,3;24,3;24,7;0;7,947;7,6;1009,2;1011,6;2,3;60;3,2;22,5;68;12,9;68;2
2021-04-03;30,4;24,3;26,6;24,4;24,9;0;8,231;5,4;1008,6;1011;4,9;54;6,4;29;68;17,7;68;3
2021-04-04;29;24,3;26,2;24,6;25;0;7,828;18,6;1008,1;1010,5;3;56;3,2;30,6;68;14,5;90;4
2021-04-05;30,8;24,8;27,4;25,3;25,7;0;9,033;1;1007,4;1009,8;5;64;4,8;27,4;45;14,5;45;5
2021-04-06;30,3;24,5;26,9;24,9;25,4;0;8,568;8,6;1008,1;1010,5;1,5;63;3,2;33,8;112;16,1;112;6
2021-04-07;29,7;24,2;25,9;24,3;24,7;0;7,548;5;1008,2;1010,6;0,6;337;3,2;27,4;158;16,1;158;7
2021-04-08;30,5;24,2;25,4;24,1;24,4;0;7,071;9,6;1008,9;1011,3;2,4;339;3,2;35,4;68;16,1;45;8
2021-04-09;31,4;24,2;27,3;24,3;25;0;8,958;7;1009,3;1011,7;5,4;65;6,4;32,2;68;14,5;68;9
2021-04-10;28,3;23,8;25,1;23,7;24;0;6,785;11;1008,3;1010,7;2,1;7;1,6;33,8;90;14,5;45;10
2021-04-11;30,3;23,6;26,6;24,3;24,8;0;8,2;1,2;1008,7;1011,2;3,6;48;4,8;22,5;68;14,5;45;11
2021-04-12;31,6;25,3;28;25,1;25,7;0;9,647;3,6;1009,1;1011,5;4,9;100;4,8;24,1;68;12,9;90;12
2021-04-13;29,5;24,8;26,7;24,8;25,2;0;8,356;15,6;1009,8;1012,3;4,4;32;4,8;30,6;22;17,7;68;13
2021-04-14;30,1;24,2;27,2;24,8;25,3;0;8,877;0,8;1009,1;1011,5;5,5;52;6,4;27,4;68;16,1;45;14
2021-04-15;31,4;23,6;26,6;24,6;25;0;8,268;10,6;1008,7;1011,1;2,1;71;3,2;33,8;112;19,3;112;15
2021-04-16;28,5;23,7;25,7;23,8;24,2;0;7,317;6,4;1009;1011,4;4,6;34;4,8;32,2;90;14,5;45;16
2021-04-17;30;23,4;26,2;24,4;24,8;0;7,899;28,4;1009;1011,4;3;38;3,2;30,6;68;14,5;45;17
2021-04-18;28,8;23,4;25,1;23,5;23,9;0;6,269;29;1010,1;1012,5;4,1;28;3,2;27,4;45;14,5;45;18
2021-04-19;30,3;23,6;25,9;23,8;24,3;0;7,569;19,6;1010,4;1012,8;0,5;29;3,2;29;135;16,1;112;19
2021-04-20;29,1;23,1;26;23,7;24,3;0;7,637;5,8;1010,7;1013,1;4;104;4,8;20,9;112;11,3;135;20
2021-04-21;29,8;24,1;26,7;24,3;24,9;0;8,414;0,2;1010,2;1012,6;2,6;36;4,8;24,1;68;16,1;90;21
2021-04-22;27,2;24,2;25,4;23,9;24,3;0;7,058;2,6;1010;1012,5;4;16;4,8;27,4;22;12,9;22;22
2021-04-23;30,3;24,1;27,1;24,6;25,1;0;8,772;1;1009,2;1011,6;5,6;86;4,8;20,9;68;11,3;135;23
2021-04-24;29,7;23,6;26,3;24,7;25;0;7,954;92,8;1009,5;1011,9;2,2;59;3,2;29;45;12,9;68;24
2021-04-25;30,4;24,4;26,6;24,8;25,2;0;8,269;13;1008,6;1011;2,5;45;3,2;25,7;68;14,5;90;25
2021-04-26;30,5;24,5;27,5;24,8;25,4;0;9,197;0;1008,1;1010,5;5,1;45;4,8;24,1;22;12,9;45;26
2021-04-27;31,9;24,3;27,8;24,8;25,5;0;9,44;1;1008,3;1010,7;4,8;48;6,4;29;90;17,7;68;27
2021-04-28;31,2;24,3;27,6;24,5;25,2;0;9,311;0;1008,6;1011;4,6;53;6,4;24,1;45;14,5;68;28
2021-04-29;31,8;24,3;28;24,4;25,2;0;9,688;0;1009,3;1011,8;3,4;85;4,8;19,3;68;11,3;45;29
2021-04-30;29,6;23,5;26,2;24;24,5;0;7,837;22;1010,5;1012,9;1,3;113;4,8;35,4;135;20,9;135;30
2021-05-01;29;23,6;25,9;23,8;24,3;0;7,582;17,4;1010,8;1013,2;3,2;109;1,6;35,4;135;17,7;112;1
2021-05-02;30,6;23,8;26,3;24,2;24,7;0;7,922;2,4;1010,3;1012,7;6,2;80;4,8;30,6;135;16,1;112;2
2021-05-03;29,3;24,2;26,5;24,3;24,8;0;8,138;0,4;1009,8;1012,2;4,6;57;4,8;29;90;19,3;90;3
2021-05-04;30,3;24;25,9;24;24,5;0;7,563;22,4;1010,9;1013,3;1,8;22;3,2;29;135;17,7;135;4
2021-05-05;31;23,7;26,4;24,3;24,8;0;8,112;30,4;1011,3;1013,7;1,3;258;3,2;22,5;135;14,5;135;5
2021-05-06;30,1;23,6;26,5;24,1;24,7;0;8,071;0;1010,6;1013;2,2;107;4,8;16,1;112;9,7;135;6
2021-05-07;31,5;24,7;28;24,8;25,5;0;9,655;0;1010,8;1013,2;6;83;6,4;22,5;90;14,5;90;7
2021-05-08;30,3;24,4;26,6;24,7;25,1;0;8,231;4,8;1011,5;1013,9;3,7;53;4,8;30,6;68;17,7;90;8
2021-05-09;30,3;23,6;26;24,2;24,6;0;7,639;11,2;1011,5;1013,9;1;332;3,2;17,7;112;9,7;292;9
2021-05-10;29,3;24,4;26;24,4;24,8;0;7,638;1,6;1010,5;1012,9;2;34;3,2;22,5;68;14,5;45;10
2021-05-11;28,5;23,7;24,9;23,7;24;0;6,575;16;1010,1;1012,5;2,3;342;1,6;20,9;68;9,7;90;11
2021-05-12;29,8;23,2;25,9;23,9;24,4;0;7,548;0;1010,1;1012,5;3,4;54;4,8;24,1;90;14,5;90;12
2021-05-13;28,7;24,3;26;24,4;24,7;0;7,621;1,4;1010,2;1012,6;2,2;0;1,6;20,9;68;11,3;90;13
2021-05-14;31,7;23,1;26,9;24,5;25;0;8,614;0,4;1009,9;1012,3;0,7;179;3,2;16,1;292;9,7;292;14
2021-05-15;26,7;23,6;25,2;23,8;24,2;0;6,845;49,2;1010,4;1012,8;3,9;96;3,2;30,6;90;14,5;90;15
2021-05-16;29,4;24,4;26,1;24,3;24,7;0;7,743;1,6;1010,3;1012,7;6;86;3,2;38,6;68;16,1;90;16
2021-05-17;28,3;23,7;25,5;23,9;24,3;0;7,209;17,8;1011;1013,5;5;77;3,2;32,2;90;19,3;90;17
2021-05-18;29,8;23,8;26,1;24,2;24,6;0;6,838;0,2;1011,2;1013,6;5,6;58;3,2;22,5;45;11,3;90;18
2021-05-19;31,1;24,5;27,8;24,8;25,4;0;9,432;0;1010;1012,4;6,7;54;6,4;32,2;68;17,7;68;19
2021-05-20;31,4;24,6;27,4;24,7;25,3;0;9,081;0;1010,2;1012,6;3,4;78;3,2;22,5;112;12,9;135;20
2021-05-21;31;24,6;27,2;24,7;25,3;0;8,861;0;1009,6;1012;5,4;77;4,8;32,2;135;19,3;90;21
2021-05-22;31,2;24,7;27,8;25;25,6;0;9,506;17,2;1009,6;1012;6,3;51;6,4;30,6;45;16,1;68;22
2021-05-23;30,5;24,9;27,7;25,2;25,8;0;9,321;0,6;1009,3;1011,7;5,3;45;4,8;27,4;68;14,5;45;23
2021-05-24;31,3;25,8;28,8;25,8;26,4;0;10,438;0;1009,2;1011,6;7,8;59;8;29;68;14,5;68;24
2021-05-25;31,3;24,7;27,8;25,4;26;0;9,5;7,8;1010;1012,4;4,6;74;4,8;25,7;135;14,5;90;25
2021-05-26;28,7;23,9;26,6;25,3;25,6;0;8,243;31,8;1009,7;1012,1;1,3;40;3,2;33,8;112;19,3;135;26
2021-05-27;26,7;24,3;25,1;24,2;24,4;0;6,784;8,6;1010;1012,5;4,2;309;3,2;20,9;315;11,3;315;27
2021-05-28;29,5;24;26,1;24,3;24,7;0;7,815;2,2;1009,7;1012,2;2,3;110;6,4;27,4;135;17,7;135;28
2021-05-29;30,7;23,6;26,7;24,1;24,7;0;8,407;2,4;1009,4;1011,9;4,2;83;4,8;37;45;16,1;22;29
2021-05-30;31,2;24,1;27,1;24,9;25,4;0;8,801;21,4;1010,1;1012,5;4,1;68;4,8;29;135;12,9;135;30
2021-05-31;31,4;24,5;26,4;24,5;25;0;8,071;4,2;1010,4;1012,8;1;86;3,2;33,8;112;20,9;112;31
2021-06-01;29,7;24,2;26,5;24,5;24,9;0;8,184;0;1009,6;1012;2,9;71;4,8;22,5;90;12,9;112;1
2021-06-02;31,6;23,9;27,4;24,8;25,3;0;9,087;0;1009,2;1011,6;4,6;73;4,8;22,5;45;12,9;90;2
2021-06-03;29,8;24,9;27,1;25;25,5;0;8,345;11,8;1010,3;1012,8;4,4;61;4,8;30,6;68;17,7;68;3
2021-06-04;31,2;24,7;27,5;24,7;25,3;0;9,123;0,2;1010,8;1013,2;5,9;84;4,8;41,8;68;22,5;68;4
2021-06-05;31,2;24,7;28,1;25;25,6;0;9,788;0;1010,4;1012,8;6,3;68;6,4;35,4;135;20,9;135;5
2021-06-06;31,3;24,8;27,9;25;25,6;0;9,572;0,2;1009,2;1011,6;4;55;4,8;24,1;90;14,5;45;6
2021-06-07;31,3;24,4;27,5;24,9;25,4;0;9,152;0;1008,8;1011,2;4,5;73;4,8;27,4;68;14,5;90;7
2021-06-08;29,8;24,6;26,7;24,7;25,2;0;8,334;4,4;1009,3;1011,7;4;82;3,2;37;90;20,9;112;8
2021-06-09;29,8;24,1;26,5;24,4;24,8;0;8,125;15;1009,5;1011,9;1,4;49;1,6;19,3;135;11,3;135;9
2021-06-10;27,6;23,2;24,8;23,6;23,9;0;6,474;23,2;1010,7;1013,1;2,1;276;1,6;20,9;180;9,7;225;10
2021-06-11;27;22,8;25;23,6;24;0;6,695;9,6;1011,3;1013,7;2,4;270;1,6;30,6;158;16,1;158;11
2021-06-12;29,2;23,7;25,9;23,9;24,4;0;7,535;1;1011;1013,4;1,2;71;1,6;12,9;68;8;112;12
2021-06-13;31,4;24;27,8;24,2;25;0;9,066;0;1010,5;1013;5,6;73;4,8;19,3;90;11,3;45;13
2021-06-14;30,6;26,1;28,1;25,2;25,8;0;9,803;1,8;1010,9;1013,3;7,4;73;8;27,4;68;17,7;68;14
2021-06-15;30,3;25,4;27,7;24,9;25,5;0;9,408;0,2;1011,3;1013,7;7,5;78;8;25,7;45;14,5;68;15
2021-06-16;30,3;24,4;27,2;24,7;25,2;0;8,87;6,6;1010,7;1013,1;4,6;72;4,8;27,4;45;16,1;45;16
2021-06-17;30,7;24,4;26,8;24,3;24,9;0;8,507;0;1011,3;1013,7;2,9;53;3,2;22,5;68;12,9;68;17
2021-06-18;30,3;23,9;26;23,8;24,3;0;7,664;8,2;1012,6;1015;3,2;65;3,2;29;135;14,5;90;18
2021-06-19;30,9;24,1;27,5;24,5;25,2;0;9,206;0,4;1013;1015,4;6,9;64;6,4;30,6;68;17,7;45;19
2021-06-20;31,3;24,3;27,9;24,7;25,4;0;9,529;0;1012;1014,4;5,5;60;4,8;24,1;45;12,9;45;20
2021-06-21;30,1;24,2;27,1;24,5;25,1;0;8,776;14,2;1011,7;1014,2;2,5;51;3,2;27,4;158;14,5;135;21
2021-06-22;31,3;24,7;28,1;24,7;25,4;0;9,764;0;1011,7;1014,1;5,8;52;6,4;24,1;90;12,9;68;22
2021-06-23;30,9;24,1;28;24,1;24,9;0;9,657;0;1011,5;1013,9;6,8;67;6,4;29;68;19,3;90;23
2021-06-24;30,9;24,9;27,5;24,2;24,9;0;9,178;4,8;1011,3;1013,7;5,3;88;4,8;32,2;112;19,3;112;24
2021-06-25;30,3;23,9;27;24,2;24,8;0;8,62;0;1011;1013,4;5;66;4,8;25,7;68;14,5;68;25
2021-06-26;30,7;23,8;27,4;24,4;25,1;0;9,039;0;1010,2;1012,6;5,6;69;4,8;29;68;14,5;90;26
2021-06-27;31,3;24,7;27,9;24,5;25,2;0;9,52;7,2;1010;1012,4;5,2;68;4,8;35,4;90;16,1;45;27
2021-06-28;30,4;23,8;26,5;23,8;24,4;0;8,167;21;1011,6;1014,1;1,7;130;3,2;20,9;158;11,3;112;28
2021-06-29;31,9;24,1;27,7;24,1;24,9;0;9,382;0;1011,8;1014,2;4,6;112;3,2;20,9;68;9,7;90;29
2021-06-30;31,8;23,9;27,5;24,3;25;0;9,165;0;1011,5;1014;5,8;116;4,8;30,6;158;17,7;158;30
2021-07-01;31,6;24,3;27,7;24,7;25,4;0;9,4;0;1011,6;1014;3,5;85;3,2;24,1;90;12,9;90;1
2021-07-02;29,6;24,8;26,6;24,3;24,8;0;7,533;4,4;1013,1;1015,5;4,4;92;3,2;27,4;45;12,9;45;2
2021-07-03;29,2;23,5;25,1;23,4;23,8;0;6,772;19,6;1013,6;1016;4,6;104;3,2;33,8;135;22,5;135;3
2021-07-04;29,2;23,2;25,8;23,8;24,2;0;7,429;1,6;1012,9;1015,3;2,4;147;3,2;16,1;112;11,3;135;4
2021-07-05;29,1;23,8;26,2;23,9;24,5;0;7,818;0,4;1013,4;1015,8;1,6;102;3,2;32,2;135;19,3;135;5
2021-07-06;30,2;23,6;26,1;23,8;24,4;0;7,816;0;1012,7;1015,1;2,7;118;3,2;30,6;135;17,7;112;6
2021-07-07;30,9;23,1;26,9;23,8;24,5;0;8,54;0;1010,8;1013,2;4,3;101;3,2;25,7;112;17,7;135;7
2021-07-08;30,5;22,9;27,1;24,2;24,8;0;8,774;7,8;1010,7;1013,2;4,2;77;4,8;30,6;135;11,3;112;8
2021-07-09;30,7;23,9;27,1;24,2;24,8;0;8,731;12,4;1010,5;1013;4,8;70;4,8;25,7;135;14,5;135;9
2021-07-10;31,2;23,6;27,3;24,6;25,2;0;8,985;3,6;1010,5;1012,9;4,3;84;4,8;27,4;135;16,1;90;10
2021-07-11;30,9;24;27;24,4;25;0;8,651;4;1010,9;1013,4;4;78;3,2;25,7;112;12,9;45;11
2021-07-12;30,4;24,7;27,6;24,8;25,4;0;9,221;0,6;1010,7;1013,1;4,3;60;4,8;22,5;68;12,9;90;12
2021-07-13;29,9;24,4;26,6;24,7;25,1;0;8,272;15,6;1011,4;1013,8;1,7;102;1,6;29;112;14,5;112;13
2021-07-14;30,7;23,6;26,1;24;24,5;0;7,78;10,4;1011,1;1013,6;2,2;105;3,2;45,1;112;24,1;112;14
2021-07-15;31,3;23,4;26,1;23,8;24,3;0;7,764;6,4;1011,1;1013,5;3,6;115;3,2;48,3;135;27,4;158;15
2021-07-16;29,5;22,8;26;23,6;24,2;0;7,62;0;1011,4;1013,8;2,9;61;4,8;20,9;90;12,9;112;16
2021-07-17;30,4;24,2;26,8;24,5;25;0;8,429;17,2;1011,5;1013,9;4,7;66;4,8;40,2;90;17,7;112;17
2021-07-18;30,8;24,4;27,1;24,4;25;0;8,721;2,2;1012,1;1014,5;4,4;103;3,2;30,6;112;19,3;135;18
2021-07-19;31,5;24,4;28;24,3;25,1;0;9,625;0;1011,3;1013,7;5,3;90;4,8;20,9;68;12,9;90;19
2021-07-20;31,2;24,7;27,5;24,7;25,3;0;9,181;2;1011,2;1013,6;4,1;88;4,8;32,2;112;19,3;135;20
2021-07-21;31,7;24,8;28,1;25;25,7;0;9,724;0;1012,5;1015;6,3;87;6,4;24,1;45;12,9;45;21
2021-07-22;31,5;25,1;27,6;24,9;25,5;0;9,262;1;1013,3;1015,7;5,6;96;4,8;38,6;135;22,5;135;22
2021-07-23;32,1;24,8;27,8;24,7;25,4;0;9,48;0;1012,3;1014,7;4,8;70;4,8;33,8;112;17,7;90;23
2021-07-24;31,3;24,8;28,1;24,7;25,4;0;9,77;2,6;1011,1;1013,6;6,4;80;6,4;24,1;68;14,5;68;24
2021-07-25;32,2;25,8;28,8;25;25,8;0;10,48;0;1010,6;1013;5,4;87;4,8;24,1;68;14,5;90;25
2021-07-26;31,7;23,4;28;24,8;25,5;0;9,659;9,8;1010,6;1013;4,5;106;4,8;48,3;135;27,4;135;26
2021-07-27;30,6;23,6;26,3;24,1;24,6;0;8,01;0,6;1011,1;1013,5;3,3;86;3,2;29;68;16,1;90;27
2021-07-28;30,3;23,9;26,2;24;24,5;0;7,878;2,4;1011,1;1013,5;2,9;82;3,2;40,2;135;19,3;135;28
2021-07-29;30,8;24,1;27,1;24,2;24,9;0;8,814;2;1012;1014,4;3,1;71;4,8;20,9;68;11,3;90;29
2021-07-30;31,2;24,2;27,9;24,7;25,4;0;9,575;0;1012;1014,5;4,7;77;6,4;25,7;68;14,5;90;30
2021-07-31;31,7;24,4;27,5;24,3;25;0;9,194;10,6;1013,1;1015,5;3,8;115;4,8;30,6;112;16,1;135;31
2021-08-01;30,2;24,5;26,9;24,3;24,9;0;8,523;6,2;1014,3;1016,8;2,2;123;3,2;33,8;135;19,3;135;1
2021-08-02;31,4;23,8;27,4;23,8;24,5;0;9,033;0;1014;1016,4;2,9;69;3,2;30,6;135;17,7;135;2
2021-08-03;31,2;24,7;27,9;24,5;25,2;0;9,599;0;1012,9;1015,3;1,7;105;1,6;16,1;90;8;90;3
2021-08-04;32,3;23,8;28,2;24,1;25;0;9,826;0;1012,7;1015,1;2,1;95;3,2;16,1;135;9,7;112;4
2021-08-05;31,2;24,7;28,6;24,9;25,7;0;8,946;0;1013,2;1015,6;5,4;77;6,4;25,7;68;16,1;90;5
2021-08-06;31,9;24,6;28,6;25;25,8;0;10,308;0;1012,9;1015,3;4,6;80;4,8;25,7;135;12,9;135;6
2021-08-07;32,9;24,2;28,8;25;25,8;0;10,426;3;1011,3;1013,8;6,3;89;6,4;56,3;158;30,6;158;7
2021-08-08;32,6;26,9;29,2;25,3;26,1;0;10,885;0;1011;1013,4;9,2;74;9,7;27,4;90;16,1;90;8
2021-08-09;31,8;25,3;28,7;24,6;25,4;0;10,329;1;1012;1014,4;9,6;87;9,7;33,8;90;17,7;112;9
2021-08-10;31,2;24,5;26,9;24,4;25;0;8,578;0,2;1011,9;1014,3;4;80;3,2;35,4;135;20,9;135;10
2021-08-11;31,9;23,3;26,8;24;24,6;0;8,466;9,2;1011;1013,4;3,4;62;3,2;29;68;17,7;90;11
2021-08-12;30;22,6;26,3;23,8;24,4;0;7,936;5;1010,7;1013,2;5,5;61;6,4;29;68;12,9;45;12
2021-08-13;30,7;23,9;26,6;24,3;24,8;0;8,245;7,2;1011,5;1013,9;6,2;72;6,4;32,2;90;17,7;90;13
2021-08-14;31;23,7;27,2;24,3;25;0;8,845;3;1011,6;1014,1;6,3;59;6,4;33,8;112;17,7;90;14
2021-08-15;32,1;24,5;27,7;24,7;25,4;0;9,383;44;1010,6;1013;1,8;40;3,2;27,4;90;12,9;90;15
2021-08-16;30,5;24,4;26,2;24,1;24,6;0;7,889;0;1010,6;1013;1,6;67;3,2;40,2;135;24,1;112;16
2021-08-17;31,9;23,3;27,4;24,5;25,1;0;9,078;0;1010,6;1013;5,3;63;4,8;25,7;90;12,9;68;17
2021-08-18;32,6;24,9;29;25,3;26,1;0;10,71;0;1010,5;1012,9;6,9;71;6,4;30,6;90;16,1;90;18
2021-08-19;32,8;25,9;29,2;25;25,9;0;10,831;0;1009,1;1011,5;7,9;86;8;29;68;14,5;90;19
2021-08-20;32,2;24,8;28,7;25;25,8;0;10,353;0,8;1008,8;1011,2;6,3;81;6,4;25,7;135;14,5;135;20
2021-08-21;32,4;27,2;29,2;25,2;26;0;10,89;0;1009,1;1011,5;9,3;81;9,7;27,4;90;16,1;90;21
2021-08-22;31,8;25,4;28,9;25,3;26;0;10,535;0;1008,6;1011;9,1;68;9,7;29;90;16,1;45;22
2021-08-23;32,4;25,6;29,1;25,1;25,9;0;10,742;0;1007,3;1009,8;9,8;73;9,7;32,2;68;17,7;90;23
2021-08-24;31,8;25,4;29;25;25,8;0;10,633;0;1007,4;1009,9;9,2;60;9,7;29;45;16,1;90;24
2021-08-25;31,3;25,7;28,4;24,7;25,5;0;10,033;0,6;1007,9;1010,3;7,1;65;8;29;90;16,1;90;25
2021-08-26;31,5;24,6;28,5;24,6;25,4;0;10,121;1,4;1008,3;1010,7;6,5;84;6,4;25,7;90;14,5;90;26
2021-08-27;32,1;24,8;28;24,9;25,6;0;8,901;1,2;1008,4;1010,8;5,4;72;6,4;43,5;135;19,3;135;27
2021-08-28;31,9;25,5;29;25,2;26;0;10,637;0;1009,7;1012,1;10,5;66;11,3;37;68;20,9;45;28
2021-08-29;31,2;25,3;28,5;24,8;25,6;0;10,149;0;1010,3;1012,7;8,9;78;9,7;33,8;112;17,7;90;29
2021-08-30;31,4;25,3;28,8;24,9;25,7;0;10,461;0;1009,4;1011,8;8,9;56;9,7;32,2;68;17,7;45;30
2021-08-31;31,8;24,6;28,5;24,1;25,1;0;10,177;0;1009,8;1012,2;9,1;58;9,7;30,6;22;19,3;90;31
2021-09-01;31,9;24,4;28,4;24,2;25,1;0;10,066;0;1010,3;1012,7;7,2;67;8;29;22;16,1;90;1
2021-09-02;32,3;24,2;28,3;23,7;24,6;0;9,993;0;1010,3;1012,7;5,1;94;4,8;24,1;45;12,9;68;2
2021-09-03;29,7;23,8;27;24,5;25,1;0;8,677;9;1010,5;1012,9;4,6;123;4,8;32,2;158;19,3;135;3
2021-09-04;31,8;24,3;27,8;24,7;25,3;0;9,451;0,2;1009,4;1011,8;7;58;6,4;33,8;68;19,3;68;4
2021-09-05;31,4;24,4;28,5;24,6;25,4;0;10,203;0;1010,1;1012,5;9,5;65;9,7;29;45;17,7;90;5
2021-09-06;31,9;25,2;28,9;25;25,9;0;10,568;0;1010;1012,4;9,8;74;9,7;30,6;68;19,3;68;6
2021-09-07;32,1;24,4;28,4;24,5;25,3;0;7,892;0;1009,2;1011,7;7,2;63;8;30,6;68;17,7;90;7
2021-09-09;29,9;28,5;29,1;25,2;26;0;2,321;0;1009,8;1012,2;12,5;65;12,9;30,6;45;19,3;90;9
2021-09-10;32,2;24,5;28,8;24,5;25,4;0;10,427;0;1010,7;1013,1;7,9;56;8;25,7;90;16,1;90;10
2021-09-11;32,1;25,2;28,7;24,2;25,2;0;10,354;0;1011,3;1013,7;8,7;50;9,7;30,6;45;19,3;68;11
2021-09-12;32,1;24,1;28,3;24,2;25,1;0;9,973;0;1011,6;1014;8;50;9,7;33,8;90;17,7;68;12
2021-09-13;31,7;24,1;28,4;24,5;25,4;0;10,063;0;1010,8;1013,2;6,6;68;8;29;90;17,7;68;13
2021-09-14;31,8;24,3;28,5;24,6;25,4;0;10,179;0;1010,5;1012,9;6,1;77;8;30,6;68;16,1;90;14
2021-09-15;32,1;24,9;28,3;24,6;25,4;0;9,948;0;1011,3;1013,7;7,1;91;8;46,7;158;19,3;112;15
2021-09-16;32,1;24,8;28,2;24,8;25,5;0;9,902;4,6;1012,1;1014,6;6,8;80;4,8;46,7;112;22,5;112;16
2021-09-17;32,1;24,9;29;24,8;25,7;0;10,648;0;1010,9;1013,3;6,7;71;8;27,4;68;16,1;90;17
2021-09-18;32,6;26,2;29,5;24,9;25,8;0;11,17;0;1009,2;1011,6;8,8;73;9,7;29;68;16,1;68;18
2021-09-19;31,9;25,7;29,5;24,9;25,8;0;11,154;0;1009,4;1011,8;10,5;73;11,3;30,6;68;17,7;68;19
2021-09-20;32,5;25;29,2;25;25,9;0;10,828;0;1009,5;1011,9;8,9;75;8;29;68;17,7;90;20
2021-09-21;32,7;25;29;25,1;25,9;0;10,639;0;1009,7;1012,1;7,6;71;8;29;90;19,3;90;21
2021-09-22;32,5;25,7;29,2;24,9;25,8;0;10,842;0;1008,7;1011,1;8,6;55;9,7;32,2;45;17,7;90;22
2021-09-23;32,2;25,2;29;24,4;25,3;0;10,657;0;1009,7;1012,1;9,2;46;9,7;30,6;90;19,3;90;23
2021-09-24;32,4;24,1;28,9;24,3;25,2;0;10,54;0;1010,8;1013,2;7,9;59;8;25,7;90;14,5;90;24
2021-09-25;32,6;25,2;29,1;24,7;25,7;0;10,796;0;1011,3;1013,7;8,8;70;6,4;29;45;14,5;45;25
2021-09-26;32,3;24,7;29;24,4;25,3;0;10,66;0;1011,5;1013,9;8,5;63;9,7;32,2;90;17,7;90;26
2021-09-27;32;24;28,8;24,3;25,2;0;10,418;0;1011,2;1013,6;7,9;63;8;30,6;45;17,7;68;27
2021-09-28;32,2;24,2;28,7;23,6;24,6;0;10,324;0;1010,2;1012,7;7,3;60;8;29;68;17,7;90;28
2021-09-29;32,7;25,3;29,3;24;25,1;0;10,955;0;1009,2;1011,7;7,7;79;8;25,7;90;14,5;68;29
2021-09-30;32,4;26,4;29,4;24,8;25,7;0;10,607;0;1008,9;1011,3;8,6;71;9,7;30,6;68;19,3;90;30
2021-10-01;32,4;26,2;29,4;24,9;25,8;0;11,061;0;1008,2;1010,6;8,2;72;9,7;30,6;68;17,7;90;1
2021-10-02;32;25,9;29,2;25,1;26;0;10,392;0;1008;1010,4;8,3;68;8;27,4;90;16,1;68;2
2021-10-03;32,3;26,4;29,1;24,7;25,6;0;10,811;0;1007,9;1010,4;9,5;75;9,7;32,2;68;17,7;90;3
2021-10-04;32,6;25,2;29,2;24,4;25,4;0;10,848;0;1008,3;1010,7;11,5;64;11,3;41,8;90;22,5;90;4
2021-10-05;32,6;24,9;29,1;24,8;25,7;0;10,732;0;1008;1010,4;9,2;62;9,7;32,2;68;17,7;68;5
2021-10-06;32,7;24,8;28,8;24,8;25,6;0;10,438;0;1008,1;1010,5;6,8;73;8;32,2;112;19,3;135;6
2021-10-07;32,3;25,3;29,3;25,3;26,1;0;10,936;0;1007,3;1009,7;8,7;66;9,7;30,6;45;17,7;90;7
2021-10-08;32,3;25,8;29,3;25,2;26;0;10,986;0;1007,6;1010;8,4;64;9,7;29;68;17,7;90;8
2021-10-09;32,6;26;28,9;25,1;25,9;0;10,572;0;1008,1;1010,5;5;50;6,4;25,7;338;14,5;90;9
2021-10-10;32,6;24,6;28,7;24,7;25,5;0;10,373;0;1008,9;1011,3;9,2;68;9,7;33,8;68;20,9;68;10
2021-10-11;32,9;24,9;29,4;24,6;25,6;0;11,027;0;1009,4;1011,8;9,9;63;9,7;32,2;45;17,7;90;11
2021-10-12;32,2;25,7;29,1;23,8;24,9;0;10,777;0;1009,1;1011,5;7,8;59;8;30,6;45;14,5;68;12
2021-10-13;32,7;24,3;28,9;24,3;25,3;0;10,567;0;1008,5;1010,9;8,4;69;9,7;32,2;68;17,7;90;13
2021-10-14;32,2;25,8;29,1;24,1;25,2;0;10,77;0;1008,3;1010,7;9,8;48;9,7;30,6;45;17,7;68;14
2021-10-15;32,5;24,7;28,8;23,8;24,9;0;10,488;0;1009,3;1011,7;8;51;8;25,7;45;14,5;45;15
2021-10-16;32,6;25,9;29,3;24,8;25,7;0;10,852;0;1009;1011,4;9,2;49;9,7;30,6;68;19,3;90;16
2021-10-17;32,8;25,6;29,4;25,2;26,1;0;11,066;0;1008,8;1011,2;7,8;60;8;29;68;17,7;90;17
2021-10-18;32,7;25,7;29,2;25;25,9;0;10,869;0;1009,2;1011,6;6,4;65;8;29;90;17,7;112;18
2021-10-19;32,3;24,3;28,7;24,6;25,4;0;10,268;0;1009,9;1012,3;4,8;97;6,4;24,1;68;14,5;90;19
2021-10-20;32,3;25,5;29;25;25,8;0;10,668;1,6;1010,1;1012,6;6,9;67;8;29;112;17,7;90;20
2021-10-21;32,7;26,3;29,5;24,8;25,8;0;11,176;0;1008,8;1011,2;10;65;11,3;37;68;20,9;68;21
2021-10-22;32,8;24,6;28,4;24,5;25,3;0;10,074;0;1008,7;1011,1;3,2;59;6,4;33,8;315;16,1;68;22
2021-10-23;32,6;24,7;27,9;24,9;25,6;0;9,587;11,6;1008,8;1011,2;4,5;85;4,8;27,4;112;16,1;112;23
2021-10-24;32,4;25,2;28,7;25,3;26;0;10,382;2,2;1008,8;1011,2;8,6;80;8;30,6;112;19,3;90;24
2021-10-25;32,8;24,8;29;25,3;26,1;0;10,617;0;1009,8;1012,3;7,2;83;6,4;33,8;90;17,7;90;25
2021-10-26;32,8;25,6;29,5;25,1;26;0;11,174;0;1009,5;1011,9;9,1;58;9,7;35,4;90;19,3;90;26
2021-10-27;32,3;25,7;29,1;24;25,1;0;10,722;0;1010;1012,5;9,5;46;9,7;32,2;45;17,7;68;27
2021-10-28;32,1;25,1;28,9;23,7;24,8;0;10,571;0;1011,1;1013,5;7,9;67;9,7;25,7;90;16,1;90;28
2021-10-29;31,8;24,1;28,5;24,6;25,4;0;10,208;18,8;1010,2;1012,6;6,2;85;6,4;33,8;112;19,3;112;29
2021-10-30;32,9;24,9;28,3;24,5;25,3;0;9,933;0;1008,9;1011,3;3,4;51;4,8;22,5;90;12,9;90;30
2021-10-31;31,8;25,9;28,4;24,8;25,6;0;8,395;0;1009,1;1011,6;5,1;68;6,4;33,8;90;20,9;90;31
2021-11-01;31,6;23,8;27,8;24,7;25,4;0;8,718;16;1009,5;1011,9;6,6;59;6,4;30,6;112;16,1;68;1
2021-11-02;31,2;24,8;28,3;25,1;25,7;0;9,919;0;1009,1;1011,5;6,2;81;6,4;24,1;68;14,5;90;2
2021-11-03;31,1;24,7;28,2;24,9;25,6;0;9,887;0;1008,3;1010,7;6,4;53;6,4;38,6;90;19,3;90;3
2021-11-04;31,8;24,3;28,8;24,5;25,4;0;10,431;0;1008,6;1011;7,5;63;8;32,2;68;20,9;90;4
2021-11-05;33,2;24,7;28,9;24,7;25,6;0;10,531;0;1008;1010,4;6,1;63;8;29;22;14,5;22;5
2021-11-06;32,6;24,9;28,9;25,1;25,9;0;10,616;0;1008;1010,4;6,3;50;8;27,4;68;16,1;68;6
2021-11-07;31,6;24,7;28,1;24,5;25,3;0;9,793;0;1008,6;1011;5,1;45;8;29;45;17,7;90;7
2021-11-08;31,8;24,8;28;24,4;25,2;0;9,698;6,2;1008,1;1010,5;4;48;6,4;38,6;45;20,9;22;8
2021-11-09;29,9;24,3;25,7;23,9;24,4;0;7,41;3;1008,7;1011,1;2,8;307;4,8;33,8;112;17,7;112;9
2021-11-10;29,8;23,9;26,9;24,2;24,8;0;8,569;3;1008,9;1011,3;6,7;56;6,4;25,7;68;14,5;90;10
2021-11-11;31,9;24,3;28,2;24,2;25;0;9,89;0;1008,8;1011,2;6,7;50;6,4;27,4;90;14,5;90;11
2021-11-12;32,1;24,2;28,6;24,2;25,1;0;10,293;0;1008,8;1011,2;6,7;49;8;25,7;45;14,5;45;12
2021-11-13;31,8;24,5;28,6;24,1;25,1;0;10,231;0;1007,6;1010;6;67;6,4;24,1;22;14,5;112;13
2021-11-14;32;24,8;28,5;24,6;25,4;0;10,2;0;1008;1010,4;6;64;6,4;24,1;68;16,1;68;14
2021-11-15;31,3;25,8;28,3;24,7;25,5;0;9,966;0;1007,9;1010,3;7,4;61;8;38,6;112;20,9;112;15
2021-11-16;31,8;24,4;28,3;24,1;25;0;9,99;0,2;1007,6;1010;7,8;57;8;32,2;45;19,3;68;16
2021-11-17;32,1;25,6;29;24,8;25,7;0;10,656;0;1006,8;1009,2;8,2;52;9,7;32,2;68;19,3;90;17
2021-11-18;32,9;24,8;28,8;24,4;25,3;0;10,463;0;1007,3;1009,7;5,8;36;6,4;27,4;45;14,5;22;18
2021-11-19;32,6;24,3;29,1;24,8;25,7;0;9,864;0;1007;1009,4;6,6;52;8;29;45;14,5;45;19
2021-11-20;31,2;22,5;26,3;24,5;24,9;0;8,002;241;1007,8;1010,2;2,3;60;4,8;49,9;22;25,7;135;20
2021-11-21;31,1;23,3;26,4;24,5;24,9;0;8,055;10;1007,7;1010,1;2,6;47;3,2;37;135;17,7;135;21
2021-11-22;31,9;25,2;28,5;25,2;25,9;0;10,213;0;1007,6;1010,1;6,8;53;8;25,7;68;16,1;90;22
2021-11-23;32,4;24,7;28,7;24,8;25,6;0;9,371;0;1008,5;1010,9;6,6;53;6,4;27,4;68;12,9;90;23
2021-11-24;28,1;25,9;27,3;24,7;25,3;0;3,064;0;1008,1;1010,5;1,8;26;1,6;16,1;45;8;22;24
2021-11-25;31,5;24,1;27,7;24,7;25,4;0;9,337;5,6;1008;1010,4;4;53;4,8;30,6;90;19,3;90;25
2021-11-26;31,3;24,7;28;25,1;25,7;0;9,676;0,2;1008;1010,4;4,4;51;4,8;24,1;45;12,9;68;26
2021-11-27;31,3;25;27,5;24,6;25,3;0;9,159;0;1008,3;1010,7;3,1;20;4,8;32,2;112;14,5;68;27
2021-11-28;32;23,8;27,7;24,6;25,3;0;9,389;2,4;1007,9;1010,3;5,2;72;4,8;37;90;19,3;90;28
2021-11-29;31,9;24,6;28;24,9;25,6;0;9,623;4,4;1007,7;1010,1;4,9;65;4,8;48,3;90;27,4;90;29
2021-11-30;32,3;24,7;28,4;25;25,7;0;10,073;5;1007,8;1010,2;6;46;6,4;30,6;68;14,5;68;30
2021-12-01;31,4;24,5;28,1;24,9;25,6;0;9,795;1;1007,7;1010,1;5,8;45;6,4;29;22;14,5;90;1
2021-12-02;31,8;24,3;27,4;24,4;25,1;0;9,112;0;1007,9;1010,3;2,6;28;4,8;32,2;68;16,1;68;2
2021-12-03;30,2;24,1;26,1;24,1;24,5;0;7,779;0,4;1007,3;1009,7;4,3;315;4,8;17,7;315;11,3;315;3
2021-12-04;27,9;24,3;25,6;23,7;24,1;0;7,302;4,6;1008,8;1011,3;2,4;84;1,6;25,7;22;12,9;68;4
2021-12-05;30,2;23,2;25,4;23,6;24;0;7,054;8,2;1009,3;1011,7;3,7;59;3,2;45,1;90;22,5;90;5
2021-12-06;30,8;23,1;26,3;24,1;24,6;0;7,956;19,6;1008,8;1011,2;4,1;56;4,8;38,6;90;20,9;90;6
2021-12-07;30,9;24,7;26,7;24,6;25,1;0;8,395;0,4;1007,6;1010;2,6;51;4,8;45,1;90;24,1;90;7
2021-12-08;30,8;24,5;26,5;24,8;25,2;0;8,197;13,6;1008,2;1010,6;0,6;332;3,2;24,1;112;14,5;90;8
2021-12-09;31,1;24,4;27,3;24,9;25,4;0;8,925;0,4;1007,9;1010,4;3,4;49;4,8;35,4;68;19,3;68;9
2021-12-10;30,7;24,3;27,5;24,9;25,5;0;9,174;0,4;1006,2;1008,6;5,6;60;6,4;41,8;68;22,5;90;10
2021-12-11;31,4;24,8;28;25,2;25,8;0;9,715;0;1005,1;1007,5;7,4;65;8;41,8;68;24,1;90;11
2021-12-12;32,1;25,1;28,6;24,9;25,7;0;9,865;0;1005,7;1008,1;7,6;50;6,4;33,8;68;19,3;68;12
2021-12-13;31,8;24,5;28,3;25,1;25,8;0;9,936;0;1006,9;1009,3;6;48;6,4;27,4;68;16,1;68;13
2021-12-14;31,5;25;28,5;25,3;26;0;10,052;0;1007,1;1009,5;6,4;55;8;29;45;16,1;90;14
2021-12-15;31,9;25,5;28,6;25,3;26;0;10,274;0;1006,6;1009,1;7,4;53;8;30,6;68;17,7;68;15
2021-12-16;31,1;25;28,1;24,9;25,6;0;9,723;0;1006,9;1009,3;6,8;52;8;37;68;20,9;68;16
2021-12-17;31,8;24,3;28;24,7;25,4;0;9,708;0;1007,2;1009,6;8,4;53;8;33,8;90;19,3;90;17
2021-12-18;32,2;25,2;28,9;24,7;25,6;0;10,529;0;1007,8;1010,2;8,4;49;8;29;45;17,7;45;18
2021-12-19;31,3;24,7;28,4;25;25,7;0;10,083;0;1007,1;1009,5;8,9;45;9,7;33,8;68;20,9;68;19
2021-12-20;31,7;25,3;28,6;25,3;26;0;10,23;0,2;1006,9;1009,3;7,7;44;8;30,6;22;17,7;45;20
2021-12-21;32;25,1;28,5;25,3;26;0;10,194;0;1006,5;1008,9;5,8;74;6,4;29;68;17,7;68;21
2021-12-22;32,3;24,9;28,9;25,4;26,2;0;10,548;4,6;1007,5;1009,9;9;69;9,7;43,5;112;20,9;68;22
2021-12-23;31,2;23,7;27,3;25,1;25,6;0;8,952;7,6;1007,6;1010;4,1;64;6,4;51,5;68;29;90;23
2021-12-24;31,4;24,1;26,9;24,4;24,9;0;8,584;0;1007,6;1010,1;2,5;35;6,4;35,4;68;20,9;68;24
2021-12-25;26,9;23,2;24,5;23;23,4;0;6,169;4,8;1009,6;1012;2,5;304;3,2;29;270;14,5;90;25
2021-12-26;30,6;22,8;26,1;23,7;24,2;0;7,731;1;1009,4;1011,8;5,9;42;6,4;37;68;22,5;68;26
2021-12-27;30,6;23,6;27,2;24,5;25,1;0;8,87;0;1008,6;1011;3,6;63;4,8;20,9;68;12,9;22;27
2021-12-28;31,4;24,9;28,2;24,9;25,6;0;9,836;0;1009,1;1011,5;7;52;6,4;25,7;68;14,5;45;28
2021-12-29;31;24,4;26,7;24,6;25,1;0;8,334;9,6;1009,2;1011,6;3,2;49;4,8;40,2;90;20,9;90;29
2021-12-30;30,9;24,3;27,5;24,9;25,5;0;9,122;0,8;1007,7;1010,1;5,9;45;6,4;32,2;68;19,3;68;30
2021-12-31;28,5;23,5;25,6;23,9;24,3;0;7,238;27;1008,4;1010,8;3,2;27;4,8;41,8;68;19,3;68;31
2022-01-01;28,9;23,3;25,5;23,7;24,1;0;7,155;15,8;1009,2;1011,7;3,9;54;4,8;35,4;90;14,5;68;1
2022-01-02;28,5;23,8;25,7;23,8;24,3;0;7,332;19,4;1009,7;1012,1;6,2;49;6,4;33,8;68;19,3;90;2
2022-01-03;27,2;23,5;25;23,5;23,9;0;6,703;1,6;1009,8;1012,3;2,6;43;4,8;22,5;68;12,9;90;3
2022-01-04;30,7;23,1;25,7;23,7;24,2;0;7,328;25,4;1008,6;1011;2,2;312;3,2;30,6;292;14,5;315;4
2022-01-05;28,2;23,9;26;23,7;24,3;0;7,648;0,4;1008,4;1010,8;6,7;44;6,4;40,2;68;22,5;68;5
2022-01-06;29,3;23,9;26,2;24;24,5;0;7,873;1;1008,3;1010,7;2,9;61;4,8;37;68;16,1;135;6
2022-01-07;30,3;23,3;25,6;23,6;24,1;0;7,316;7,6;1008,6;1011;4,7;22;4,8;35,4;45;19,3;90;7
2022-01-08;28,8;23,3;25,1;23,8;24,1;0;6,809;51,6;1009,1;1011,5;3,9;315;3,2;29;22;14,5;22;8
2022-01-09;28,6;23,8;25,4;23,7;24,1;0;7,036;1,2;1010,4;1012,8;0,7;355;1,6;17,7;135;11,3;135;9
2022-01-10;29,8;23,2;25,9;23,7;24,2;0;7,573;0;1009,8;1012,2;1,6;328;3,2;20,9;135;12,9;135;10
2022-01-11;28,6;24,2;25,6;23,9;24,3;0;7,269;0,8;1009,5;1011,9;3;30;4,8;32,2;112;16,1;112;11
2022-01-12;31,3;23,5;25,9;23,3;23,9;0;7,56;0;1010,4;1012,8;2,7;297;6,4;27,4;248;17,7;135;12
2022-01-13;29,8;22,8;26,2;23,8;24,3;0;7,879;1;1011,1;1013,6;2,8;56;3,2;24,1;338;12,9;315;13
2022-01-14;31,1;23,6;27;24,2;24,8;0;8,699;0,2;1011,4;1013,8;3,7;54;4,8;37;90;20,9;90;14
2022-01-15;30,6;23,7;27;24,4;25;0;8,657;0;1011,4;1013,8;5,3;81;6,4;38,6;45;20,9;90;15
2022-01-16;27,8;23,6;25,5;23,8;24,3;0;7,189;24,8;1010,4;1012,8;3;54;3,2;27,4;112;14,5;135;16
2022-01-17;28,9;23,3;25,5;23,4;23,9;0;7,133;0;1010;1012,4;3,9;35;3,2;30,6;90;17,7;90;17
2022-01-18;29,2;23,3;25,8;23,4;24;0;7,429;5,6;1010,9;1013,4;5,8;86;4,8;27,4;68;14,5;90;18
2022-01-19;30,3;23,9;27,2;24,3;25;0;8,897;1,2;1011,1;1013,6;7,7;60;8;35,4;45;17,7;68;19
2022-01-20;30,8;24,6;27,7;24,9;25,5;0;9,41;0,6;1009,2;1011,6;7,4;62;6,4;38,6;90;22,5;90;20
2022-01-21;30,7;24,6;27,2;24,5;25,1;0;8,882;3,2;1008,3;1010,7;4,8;49;4,8;46,7;68;24,1;68;21
2022-01-22;31,7;24,3;27,3;24,5;25,1;0;8,948;0,2;1008,2;1010,6;3,9;64;4,8;45,1;112;22,5;112;22
2022-01-23;31,5;23,7;27,2;24,5;25,1;0;8,843;6,8;1008,1;1010,5;4,9;51;6,4;41,8;135;27,4;112;23
2022-01-24;27,6;23,2;25,1;23,3;23,7;0;6,732;29,2;1008,9;1011,4;4,7;75;4,8;27,4;112;16,1;112;24
2022-01-25;30,6;23,9;26,1;24;24,5;0;7,726;1,2;1008,4;1010,8;2,4;26;3,2;35,4;112;17,7;90;25
2022-01-26;30,7;23,5;26,4;24;24,5;0;8,047;3;1008,1;1010,5;4;81;4,8;30,6;112;17,7;90;26
2022-01-27;30,1;23,2;25,3;23,6;24;0;7,006;42,6;1008,9;1011,3;0,7;98;3,2;22,5;315;12,9;315;27
2022-01-28;29,3;23,1;24,7;23,2;23,6;0;6,41;25,4;1008,6;1011;2,8;42;4,8;37;22;19,3;22;28
2022-01-29;26,7;22,5;24,4;23,2;23,5;0;6,103;19,6;1008,8;1011,2;2,3;47;3,2;20,9;22;9,7;90;29
2022-01-30;27,8;23,6;25;23,5;23,9;0;6,675;7,2;1009,4;1011,8;3,2;54;3,2;37;112;19,3;112;30
2022-01-31;28,3;23,1;24,9;23,4;23,8;0;6,561;6,8;1009,2;1011,6;4,3;71;3,2;35,4;135;20,9;135;31
2022-02-01;30,4;23,7;26,9;24,4;25;0;8,534;0;1008,9;1011,3;4;54;4,8;29;112;12,9;68;1
2022-02-02;28,9;23,4;26,1;24,3;24,8;0;7,794;9;1009,2;1011,6;5,5;94;6,4;45,1;135;24,1;112;2
2022-02-03;30,3;24,1;26,9;24,6;25,1;0;8,608;0,2;1008,7;1011,1;5,1;50;6,4;35,4;112;19,3;90;3
2022-02-04;28,6;24,3;26,3;24,6;25;0;7,963;9;1009;1011,4;2,8;69;3,2;19,3;68;9,7;90;4
2022-02-05;29,6;24,2;26,3;24,5;25;0;8;32,4;1008,8;1011,2;5,6;47;4,8;38,6;90;19,3;68;5
2022-02-06;28,6;23,8;25,4;23,8;24,2;0;7,051;40,6;1009,5;1011,9;3;30;3,2;22,5;90;11,3;22;6
2022-02-07;29,6;23,2;25,6;24;24,4;0;7,305;3,6;1009,1;1011,5;3,5;34;3,2;19,3;68;9,7;90;7
2022-02-08;30,6;24,3;27,5;25;25,6;0;9,149;0;1008;1010,4;5,3;67;6,4;24,1;112;12,9;90;8
2022-02-09;31,1;24,9;27,7;24,9;25,6;0;9,415;0;1007,6;1010;5,2;59;6,4;25,7;90;14,5;68;9
2022-02-10;31,1;24,3;27,3;24,7;25,3;0;9,002;1,8;1007,7;1010,2;4;59;4,8;24,1;68;14,5;68;10
2022-02-11;30,7;23,9;26,4;24,4;24,9;0;8,067;34,2;1007,7;1010,2;3,8;63;4,8;32,2;90;17,7;90;11
2022-02-12;30,8;24,2;27,6;24,7;25,3;0;9,218;18,8;1007,9;1010,3;7,7;59;6,4;29;45;16,1;68;12
2022-02-13;30,1;24,9;26,9;24,7;25,2;0;8,544;0,6;1007,9;1010,3;4,4;75;4,8;30,6;135;17,7;45;13
2022-02-14;29,4;23,5;26,4;24,1;24,6;0;8,109;15,2;1008,1;1010,5;6,6;85;6,4;40,2;90;17,7;45;14
2022-02-15;29,6;23,4;26,2;23,8;24,3;0;7,885;9,2;1009,4;1011,8;3,9;34;4,8;22,5;68;12,9;68;15
2022-02-16;28,6;22,7;25,5;23,8;24,2;0;7,204;19;1010,9;1013,3;1,6;62;1,6;24,1;112;11,3;112;16
2022-02-17;29,9;24,1;26,9;24,3;24,9;0;8,555;0,2;1008,9;1011,3;5,5;51;4,8;25,7;68;12,9;68;17
2022-02-18;31,2;23,7;27,5;24,3;25;0;9,151;0;1007,4;1009,8;5,1;56;6,4;24,1;45;14,5;68;18
2022-02-19;30,4;24,2;27,2;24,5;25,1;0;8,85;0;1008,2;1010,6;2,6;21;4,8;16,1;292;9,7;112;19
2022-02-20;31,2;25,2;28;24,9;25,6;0;9,7;0;1008,8;1011,2;6,7;64;6,4;29;68;16,1;90;20
2022-02-21;30,3;24,3;27,3;24,7;25,2;0;8,917;4,4;1009,3;1011,7;6,6;88;6,4;38,6;112;20,9;112;21
2022-02-22;29,2;24,2;26,6;23,7;24,4;0;8,296;0,2;1009,3;1011,7;6,5;46;8;38,6;45;20,9;68;22
2022-02-23;31,5;23,5;27,5;24,6;25,3;0;9,181;0,2;1007,4;1009,8;6,9;66;8;33,8;45;19,3;68;23
2022-02-24;31,3;25,9;28,4;25,3;26;0;10,04;0;1008,3;1010,7;9;59;8;35,4;45;16,1;45;24
2022-02-25;31,2;24,4;28;24,9;25,6;0;9,622;0;1009,3;1011,7;7,9;52;9,7;37;68;20,9;68;25
2022-02-26;29,1;25,1;26,6;24,8;25,2;0;8,248;11,8;1009,2;1011,6;4,4;52;4,8;35,4;68;17,7;90;26
2022-02-27;31,1;24,1;27,7;24,8;25,4;0;9,318;0;1008,3;1010,7;6,5;64;6,4;29;90;16,1;90;27
2022-02-28;31,3;24,5;27,1;24,6;25,1;0;8,742;0;1008,4;1010,8;3,2;77;4,8;46,7;135;24,1;135;28
2022-03-01;25,3;21,9;24,3;23,3;23,6;0;6,004;19,6;1009,5;1011,9;0,4;69;1,6;33,8;68;12,9;112;1
2022-03-02;30,1;23,3;26,6;24,2;24,7;0;8,241;1,4;1009,1;1011,6;4,4;68;4,8;35,4;90;19,3;90;2
2022-03-03;31,5;24,3;27,4;24,4;25,1;0;9,02;0;1008,3;1010,7;4,8;28;4,8;30,6;22;17,7;68;3
2022-03-04;30,6;24,2;26,5;24,4;24,9;0;8,216;2,8;1008,1;1010,5;4,6;32;4,8;30,6;68;19,3;68;4
2022-03-05;29,7;23,8;25,9;24,2;24,6;0;7,591;27,8;1007,6;1010;2;66;3,2;25,7;112;14,5;90;5
2022-03-06;27,4;23,5;24,6;23,4;23,7;0;6,235;25;1008,4;1010,9;4,9;42;4,8;30,6;68;17,7;68;6
2022-03-07;30,3;22,9;26;23,8;24,3;0;7,685;0;1007,5;1009,9;2,3;83;3,2;32,2;45;16,1;68;7
2022-03-08;30,4;23,9;26,3;24,3;24,8;0;7,955;1,2;1007,4;1009,8;3,7;48;4,8;29;90;16,1;90;8
2022-03-09;29,6;24,3;26,2;24,3;24,8;0;7,875;12,8;1008,2;1010,6;4,6;45;3,2;30,6;68;17,7;90;9
2022-03-10;29,5;23,8;25,8;24;24,4;0;7,466;12,8;1009,4;1011,8;3,1;342;3,2;25,7;90;12,9;90;10
2022-03-11;30;23,8;26,4;23,9;24,5;0;8,09;0;1009,4;1011,8;2,1;114;3,2;17,7;135;11,3;112;11
2022-03-12;29,2;23,8;26,7;24;24,6;0;8,339;0;1008,6;1011;5,5;58;4,8;24,1;68;14,5;68;12
2022-03-13;29,8;25,1;27,3;24,6;25,2;0;8,588;0;1008,6;1011;8,3;63;8;43,5;90;22,5;68;13
2022-03-14;31,1;23,9;26,4;24,3;24,8;0;8,087;5;1008,1;1010,6;3,8;37;4,8;30,6;68;17,7;22;14
2022-03-15;25,3;23,1;24,2;23,3;23,5;0;5,9;41;1010;1012,4;3;286;3,2;20,9;292;11,3;292;15
2022-03-16;30,4;22,6;26,2;23,6;24,1;0;7,83;0;1009,1;1011,5;5;71;4,8;25,7;90;14,5;45;16
2022-03-17;29,8;23,9;26,8;24,3;24,9;0;8,453;0;1008,9;1011,3;8;57;6,4;27,4;45;16,1;68;17
2022-03-18;26,1;23,1;24,6;23,4;23,7;0;6,252;13,6;1010,1;1012,5;2,5;333;1,6;22,5;45;11,3;68;18
2022-03-19;29,8;23,2;25,9;24;24,4;0;7,573;7,8;1009,6;1012;2,9;27;3,2;25,7;22;12,9;68;19
2022-03-20;30,8;24,3;26,5;24,1;24,7;0;8,145;3,6;1008,4;1010,8;4,5;42;4,8;30,6;45;16,1;45;20
2022-03-21;27;24;25,1;23,9;24,2;0;6,739;31,2;1008,6;1011;3,7;7;3,2;25,7;22;11,3;22;21
2022-03-22;30,9;24,1;26,8;24,3;24,9;0;8,437;0;1008,7;1011,1;3,8;88;3,2;27,4;68;14,5;90;22
2022-03-23;29,3;24,6;26,4;24,3;24,8;0;8,1;8,2;1009;1011,5;5;32;4,8;38,6;360;19,3;45;23
2022-03-24;28,3;23,8;26,1;24,3;24,8;0;7,76;15,8;1008,9;1011,3;6,2;66;4,8;32,2;68;17,7;90;24
2022-03-25;29,6;24,4;26,5;24,6;25;0;8,149;4,2;1008,1;1010,5;5,7;60;4,8;29;45;16,1;45;25
2022-03-26;29,5;24,3;26,3;24,5;24,9;0;7,931;2,4;1007,6;1010,1;6,5;50;6,4;49,9;68;25,7;68;26
2022-03-27;30,1;24,2;25,9;24,3;24,7;0;7,546;14;1008,1;1010,5;3,2;17;3,2;32,2;68;16,1;68;27
2022-03-28;25,1;24,2;24,6;23,8;24;0;6,266;42,4;1009,5;1011,9;3,1;9;1,6;20,9;45;9,7;22;28
2022-03-29;30,1;23,9;25,4;24;24,3;0;7,078;23;1008,9;1011,4;2,3;31;1,6;32,2;22;17,7;22;29
2022-03-30;25,4;23,6;24,2;23,4;23,6;0;5,905;15,8;1008,5;1011;2,6;343;1,6;17,7;292;9,7;315;30
2022-03-31;29,9;23,7;25,5;24,1;24,4;0;7,198;1,4;1009,4;1011,8;0,8;306;1,6;17,7;135;11,3;135;31
2022-04-01;29,9;23,7;26,5;24;24,6;0;8,172;0;1010;1012,4;3,3;69;3,2;20,9;22;9,7;112;1
2022-04-02;30,1;24,8;26,8;24,8;25,2;0;8,498;3,8;1009,3;1011,7;4,7;60;4,8;27,4;45;14,5;90;2
2022-04-03;29,8;24,4;25,7;24,5;24,8;0;7,385;9,4;1009;1011,4;1,6;53;1,6;25,7;90;12,9;112;3
2022-04-04;28,6;22,6;25,7;24;24,4;0;7,373;41;1009,4;1011,9;3,4;76;3,2;27,4;112;14,5;112;4
2022-04-05;29,4;23,8;25,9;24;24,4;0;7,57;0,2;1009,5;1011,9;4,5;55;3,2;27,4;45;12,9;90;5
2022-04-06;31,2;23,5;26,3;24,2;24,7;0;7,95;0,2;1008,9;1011,3;1,3;349;3,2;24,1;135;16,1;135;6
2022-04-07;29,7;24,2;26,5;24,5;24,9;0;8,167;0,6;1009;1011,4;5,5;51;4,8;24,1;68;14,5;68;7
2022-04-08;28,4;23,9;25,8;24,4;24,7;0;7,466;54,4;1009,7;1012,1;4,7;60;4,8;30,6;45;14,5;45;8
2022-04-09;31,2;24;26,1;24,4;24,8;0;7,489;24;1009,6;1012;3,6;59;3,2;25,7;45;14,5;68;9
2022-04-10;27,7;24;25,7;24,2;24,5;0;7,332;29,4;1008,9;1011,3;4,9;44;3,2;29;68;14,5;68;10
2022-04-11;30,3;24,4;27,1;24,9;25,4;0;8,762;11,2;1008;1010,4;5,3;73;4,8;30,6;45;16,1;68;11
2022-04-12;28,9;24,3;26,3;24,1;24,6;0;7,965;24;1008,9;1011,3;4,5;42;4,8;22,5;45;12,9;68;12
2022-04-13;27,4;24,3;25,5;24;24,4;0;7,206;3,2;1008,7;1011,1;6,5;44;4,8;32,2;68;14,5;45;13
2022-04-14;30,7;24,2;26,9;24,6;25,1;0;8,521;1,4;1007,9;1010,3;5,9;67;4,8;32,2;112;17,7;135;14
2022-04-15;30,3;24,4;27,1;24,6;25,2;0;8,748;7,6;1008,6;1011;6,3;55;6,4;27,4;68;17,7;90;15
2022-04-16;31,1;24,6;27,5;24,7;25,4;0;9,187;0;1008,8;1011,2;4,4;65;4,8;29;68;17,7;90;16
2022-04-17;28,7;23,8;26;24,4;24,8;0;7,698;19,4;1009,1;1011,6;3,3;29;3,2;27,4;45;11,3;45;17
2022-04-18;30,1;24,5;26,1;24,4;24,8;0;7,807;2,8;1009,1;1011,5;2,9;355;3,2;17,7;68;9,7;90;18
2022-04-19;31,1;24,1;27,4;24,8;25,4;0;9,034;0;1008,7;1011,1;5;70;4,8;30,6;90;17,7;90;19
2022-04-20;27,7;24,5;25,8;24,4;24,8;0;7,477;4,6;1008,7;1011,2;3;38;3,2;25,7;45;14,5;45;20
2022-04-21;30,8;23,8;26,1;24,5;24,9;0;7,804;108,2;1008,7;1011,1;1,5;268;3,2;30,6;292;19,3;315;21
2022-04-22;30,5;23,6;25,9;24,1;24,5;0;7,556;19;1008,9;1011,3;3,8;292;3,2;20,9;292;11,3;292;22
2022-04-23;29,6;24;26,1;24,1;24,6;0;7,786;1,6;1009;1011,4;4,3;78;3,2;35,4;135;19,3;158;23
2022-04-24;31,4;24,4;27,8;24,6;25,3;0;9,461;0,2;1009,3;1011,7;4,5;97;3,2;24,1;90;14,5;90;24
2022-04-25;31,4;25,1;28;25;25,6;0;9,677;0;1008,2;1010,6;6,4;75;6,4;30,6;158;16,1;112;25
2022-04-26;31,3;24,2;27,5;24,9;25,5;0;9,152;6,4;1007,9;1010,3;5,3;75;6,4;35,4;112;19,3;135;26
2022-04-27;30,2;24;26,5;24,6;25;0;8,187;15;1008,6;1011;5;78;4,8;32,2;90;16,1;68;27
2022-04-28;30,2;24,2;26,5;24,5;25;0;8,164;7,2;1009,2;1011,6;3;80;1,6;22,5;45;11,3;68;28
2022-04-29;27,3;24,4;25,7;24,3;24,6;0;7,38;5,8;1009,6;1012;3,7;25;3,2;24,1;68;12,9;22;29
2022-04-30;30,3;24,5;26,7;24,6;25,1;0;8,4;0,4;1009,5;1011,9;3,7;96;3,2;25,7;68;14,5;68;30
2022-05-01;28,8;24,5;26,5;24,3;24,8;0;8,132;2;1009,5;1011,9;4,6;8;3,2;24,1;90;12,9;90;1
2022-05-02;30,1;24;26,3;24;24,6;0;7,992;6,6;1010,3;1012,7;1;104;1,6;14,5;315;9,7;135;2
2022-05-03;29,4;24,5;26,3;24,6;25;0;7,939;4;1010,2;1012,6;3;57;3,2;22,5;22;11,3;135;3
2022-05-04;28,1;24,4;26,2;24,6;25;0;7,857;2,8;1010,4;1012,8;2,2;80;1,6;16,1;68;8;90;4
2022-05-05;31,8;24,5;28;25,1;25,7;0;9,664;0;1010;1012,4;6,3;68;3,2;24,1;45;14,5;45;5
2022-05-06;30,4;24,8;27,4;25;25,5;0;9,028;3,6;1010,6;1013;5,9;69;6,4;29;112;16,1;90;6
2022-05-07;30,2;24,1;26,7;24,6;25;0;8,358;0,8;1010,8;1013,2;5,4;57;4,8;27,4;112;14,5;90;7
2022-05-08;29,9;24,1;26,7;24,6;25,1;0;8,341;18,6;1010,8;1013,2;4;45;3,2;24,1;68;12,9;68;8
2022-05-09;29;24,3;25,8;24,4;24,7;0;7,461;5,4;1010,8;1013,2;0,1;77;0;19,3;45;9,7;135;9
2022-05-10;26,4;23,6;24,7;23,7;23,9;0;6,335;10,8;1011,2;1013,6;4,6;19;1,6;22,5;22;11,3;22;10
2022-05-11;30,8;23,1;26,4;24;24,5;0;8,089;0,6;1009,7;1012,1;4;95;3,2;27,4;68;16,1;68;11
2022-05-12;28,1;23,9;25,8;24,2;24,6;0;7,47;13,4;1009,7;1012,1;5,3;72;4,8;27,4;90;16,1;68;12
2022-05-13;30,8;24,4;27,2;24,7;25,3;0;8,913;0,2;1009,5;1011,9;6,4;60;4,8;22,5;45;12,9;68;13
2022-05-14;29,4;24,9;27;25,3;25,7;0;8,686;9,8;1008,7;1011,1;3,7;78;3,2;29;112;12,9;90;14
2022-05-15;27,8;24,4;26,1;24,6;25;0;7,804;24,4;1009,6;1012;4,1;53;3,2;27,4;68;16,1;68;15
2022-05-16;30,8;24,4;27,6;25,4;25,9;0;9,292;0,2;1009,4;1011,8;8,6;60;4,8;35,4;68;14,5;45;16
2022-05-17;31,2;24,8;27,8;25,4;25,9;0;9,46;7,4;1010;1012,4;5,1;78;4,8;27,4;112;11,3;90;17
2022-05-18;28,1;24,8;26,1;24,3;24,7;0;7,734;4;1010,9;1013,3;3,6;45;3,2;20,9;22;11,3;22;18
2022-05-19;29,8;23,6;26,1;24,1;24,6;0;7,726;0,2;1010,8;1013,2;1,2;327;1,6;17,7;180;11,3;158;19
2022-05-20;28,8;23,8;25,8;24;24,5;0;7,501;21,8;1012,9;1015,3;1,7;158;3,2;20,9;68;11,3;90;20
2022-05-21;29;23,6;25,7;23,9;24,3;0;7,329;10,8;1013,5;1015,9;3;118;1,6;32,2;112;14,5;135;21
2022-05-22;31,2;23,3;25,7;24;24,4;0;7,405;9;1013,3;1015,7;0,5;128;0;25,7;112;16,1;112;22
2022-05-23;29,5;23,9;26,6;24,2;24,7;0;8,22;0;1012,5;1014,9;5,4;71;4,8;25,7;45;14,5;90;23
2022-05-24;30,7;23,7;27,2;24;24,7;0;8,914;0;1011,2;1013,6;8,8;78;8;30,6;68;16,1;90;24
2022-05-25;31,1;24,7;27,3;24,9;25,4;0;8,941;4,8;1011,3;1013,7;5,7;84;4,8;38,6;112;17,7;112;25
2022-05-26;29,2;23,4;25,5;24,2;24,6;0;7,186;24;1011,5;1013,9;2,6;53;3,2;32,2;135;19,3;135;26
2022-05-27;30,2;23,7;26,2;24,1;24,6;0;7,912;4;1011,1;1013,6;2,9;70;3,2;33,8;112;14,5;135;27
2022-05-28;30;24,3;26,6;24,4;24,9;0;8,275;1,6;1010,1;1012,5;5,1;54;4,8;29;68;17,7;90;28
2022-05-29;27,9;24,2;25,7;24,1;24,5;0;7,397;5,4;1009,3;1011,7;2,5;62;1,6;17,7;68;9,7;135;29
2022-05-30;30,4;24,1;26,4;24,5;24,9;0;8,089;8,8;1008,2;1010,6;1,6;117;3,2;22,5;112;11,3;68;30
2022-05-31;30,7;23,8;26,4;24,4;24,9;0;8,104;27,2;1008;1010,4;3,5;89;3,2;45,1;45;14,5;22;31
2022-06-01;30,7;24,4;27,1;24,7;25,3;0;8,801;9,8;1008,5;1010,9;5,6;77;3,2;27,4;68;17,7;68;1
2022-06-02;31,4;24,6;27,9;24,6;25,3;0;9,612;0;1009,3;1011,7;2,6;107;3,2;29;112;16,1;135;2
2022-06-03;31,3;24;27,6;24,7;25,4;0;9,252;0;1009,9;1012,3;5,6;63;4,8;24,1;45;11,3;68;3
2022-06-04;31,8;24,4;28,1;24,6;25,3;0;9,805;0;1009,4;1011,8;6,3;54;4,8;22,5;112;12,9;68;4
2022-06-05;30,7;23,5;26,9;24,3;24,9;0;8,54;65,6;1009,6;1012,1;3,6;85;3,2;33,8;135;16,1;135;5
2022-06-06;30,3;23,9;26,6;24,4;24,9;0;8,271;1,8;1010;1012,4;2;234;3,2;27,4;135;11,3;158;6
2022-06-07;30,3;23,2;26,6;24;24,6;0;8,238;4;1009,8;1012,2;4,1;86;4,8;27,4;68;14,5;68;7
2022-06-08;30,8;24,1;27,3;24,4;25;0;8,997;0,8;1009,2;1011,6;5,4;108;3,2;22,5;112;12,9;135;8
2022-06-09;29,9;24,5;26,5;24,4;24,9;0;8,179;2,4;1009,6;1012,1;5,3;75;3,2;32,2;135;22,5;135;9
2022-06-10;29,1;24;25,7;23,9;24,3;0;7,343;14;1010,3;1012,8;3,3;43;3,2;29;90;12,9;45;10
2022-06-11;30,8;23,6;27;24,2;24,8;0;8,671;5;1010,1;1012,5;5,8;69;4,8;25,7;45;12,9;45;11
2022-06-12;30,2;23,6;27;24,7;25,2;0;8,619;8,4;1010,9;1013,3;3,1;84;1,6;33,8;135;12,9;112;12
2022-06-13;31,2;23,7;27,5;24,4;25;0;9,132;0,2;1011,4;1013,9;5,1;73;3,2;20,9;112;11,3;68;13
2022-06-14;30,9;24,1;27,8;24,5;25,2;0;9,469;0;1010,8;1013,2;7,5;66;6,4;29;68;17,7;90;14
2022-06-15;31,5;24,3;27,7;24,1;24,9;0;9,399;0;1010,7;1013,1;5,4;87;4,8;24,1;135;12,9;112;15
2022-06-16;30,7;23,3;26,2;23,7;24,3;0;7,87;4,8;1010,7;1013,1;1,2;97;1,6;24,1;68;11,3;90;16
2022-06-17;31,7;23,3;27;24;24,7;0;8,68;0;1009,6;1012;2,9;68;3,2;20,9;68;9,7;135;17
2022-06-18;29,8;23,9;26,4;24,2;24,7;0;8,088;10,6;1010,6;1013;3;104;3,2;24,1;112;12,9;112;18
2022-06-19;30,7;22,3;25,6;23,8;24,2;0;7,296;11,4;1010,4;1012,8;2,2;75;1,6;51,5;112;27,4;135;19
2022-06-20;30,8;23,1;26,1;23,9;24,4;0;7,747;5,6;1010,5;1013;4,3;86;3,2;41,8;158;22,5;135;20
2022-06-21;30,1;23,3;26,1;23,8;24,3;0;7,734;9,6;1010,1;1012,5;2,8;92;1,6;32,2;112;19,3;112;21
2022-06-22;30,2;22,7;26,5;24,1;24,7;0;8,12;5;1009,8;1012,2;3,1;93;1,6;33,8;112;16,1;135;22
2022-06-23;29,9;23,7;26,4;24,2;24,7;0;8,1;0;1010,1;1012,5;1,2;60;1,6;29;22;12,9;22;23
2022-06-24;31,1;22,9;26,7;24,1;24,6;0;8,372;0;1009,9;1012,3;3,5;64;3,2;20,9;68;11,3;90;24
2022-06-25;31,8;24,1;27,4;24,7;25,3;0;9,116;6;1009,9;1012,3;4,4;67;3,2;27,4;45;14,5;68;25
2022-06-26;29,5;22,3;26,1;24,1;24,5;0;7,762;57,6;1010;1012,4;2,3;105;3,2;25,7;135;14,5;135;26
2022-06-27;31,1;23,5;26,9;24,1;24,7;0;8,429;0;1009,4;1011,8;2;183;3,2;17,7;292;9,7;135;27
2022-06-28;29,4;23,6;26,2;24,3;24,8;0;7,855;53;1010,8;1013,2;1,4;196;1,6;29;158;14,5;135;28
2022-06-29;30,7;24,1;26,1;24;24,5;0;7,763;6,6;1012;1014,4;1,5;359;1,6;24,1;45;11,3;22;29
2022-06-30;30,2;22,7;26,2;23,6;24,1;0;7,817;20,8;1011;1013,5;3,2;75;3,2;19,3;45;8;90;30
2022-07-01;31,1;23,9;27,6;24,6;25,3;0;9,277;0,4;1010,5;1012,9;6,6;61;4,8;24,1;68;14,5;68;1
2022-07-02;31,7;24,3;27,8;24,9;25,5;0;9,443;2,4;1010,8;1013,2;5,1;59;4,8;41,8;90;20,9;135;2
2022-07-03;28,7;23,6;26,2;24,4;24,8;0;7,88;17;1011,8;1014,2;7,6;77;6,4;45,1;135;20,9;135;3
2022-07-04;30,2;24,4;27;24,4;25;0;8,675;5,4;1011,6;1014;4,9;119;4,8;29;112;12,9;135;4
2022-07-05;31,1;24;27,2;24,4;25;0;8,789;0,4;1010,6;1013;3,5;101;1,6;33,8;112;17,7;90;5
2022-07-06;29,6;23,6;26,6;24,2;24,7;0;8,253;1,4;1010,5;1012,9;3,1;62;3,2;25,7;158;12,9;135;6
2022-07-07;30,3;24,4;26,7;24,4;24,9;0;8,392;6;1010,9;1013,4;4,6;63;4,8;35,4;22;17,7;45;7
2022-07-08;29,2;24,7;26,3;24,5;25;0;8,004;6,4;1012,3;1014,7;6,1;107;4,8;38,6;112;19,3;135;8
2022-07-09;31,4;23,4;27,4;24,4;25,1;0;9,096;0;1011,5;1013,9;3;90;3,2;20,9;135;11,3;112;9
2022-07-10;30,8;23,9;27,3;24,8;25,3;0;8,984;6,4;1010;1012,5;2,5;98;3,2;41,8;158;22,5;135;10
2022-07-11;30,8;25;27,6;24,6;25,3;0;9,282;0,2;1009,5;1011,9;4;81;3,2;22,5;45;11,3;68;11
2022-07-12;30,6;22,9;26,2;24,2;24,6;0;7,895;76,2;1010,5;1012,9;4,3;96;3,2;30,6;112;16,1;112;12
2022-07-13;30,3;23,7;26,5;24,2;24,7;0;8,188;0,2;1010,5;1012,9;3,1;96;3,2;22,5;90;12,9;112;13
2022-07-14;30,2;24,7;26,7;24,5;25;0;8,321;9,4;1010,3;1012,8;2,4;91;3,2;19,3;45;11,3;68;14
2022-07-15;30,8;24,3;27,6;24,8;25,4;0;9,245;0;1009,9;1012,4;7,4;76;4,8;24,1;68;14,5;68;15
2022-07-16;31,2;23,1;27,2;24,3;24,9;0;8,861;26,6;1010,1;1012,5;4,7;74;4,8;37;135;24,1;135;16
2022-07-17;30,6;23,5;27;24,6;25,1;0;8,66;0,2;1010,8;1013,2;4,9;60;3,2;20,9;45;11,3;90;17
2022-07-18;30,1;22,2;25,7;23,7;24,2;0;7,378;12,2;1011,5;1013,9;2;48;1,6;46,7;135;20,9;135;18
2022-07-19;30,6;24,1;26,3;24,3;24,8;0;7,925;2,6;1011,4;1013,8;6,6;81;3,2;46,7;112;22,5;112;19
2022-07-20;31,3;24,3;27,2;24,6;25,2;0;8,889;0;1009,9;1012,4;4;44;3,2;24,1;68;14,5;45;20
2022-07-21;29,2;22,5;26,1;24;24,5;0;7,729;7,6;1009,8;1012,2;0,5;337;3,2;37;158;22,5;135;21
2022-07-22;31,4;23,8;27,8;24,9;25,5;0;9,439;0;1009,1;1011,5;4,9;81;3,2;19,3;45;11,3;90;22
2022-07-23;32,1;25;28,6;25,2;25,9;0;10,256;0;1008,9;1011,3;4,7;74;3,2;19,3;68;11,3;45;23
2022-07-24;32,2;25,1;28,3;25,1;25,7;0;9,937;1,4;1009,2;1011,6;5,7;71;3,2;27,4;68;12,9;90;24
2022-07-25;30,2;21,9;26,8;24,5;25;0;8,443;38,4;1010,1;1012,5;2,1;41;3,2;33,8;158;19,3;135;25
2022-07-26;30,2;22,8;26,3;24;24,5;0;7,97;0,6;1010,6;1013;3,6;68;3,2;20,9;68;11,3;68;26
2022-07-27;30,9;24,2;27;24,4;25;0;8,68;2,4;1010,4;1012,8;3,6;79;3,2;32,2;112;19,3;112;27
2022-07-28;30,2;23,9;26,7;24,1;24,7;0;8,326;0,8;1010;1012,4;2,7;90;1,6;24,1;135;16,1;112;28
2022-07-29;31,3;22,9;27,1;24,5;25;0;8,75;8;1010,6;1013;3,1;98;3,2;24,1;112;14,5;135;29
2022-07-30;30,6;23,9;26,4;24,1;24,6;0;8,105;0;1011,3;1013,7;2;55;3,2;35,4;68;20,9;68;30
2022-07-31;31,1;24,1;27,1;24,3;25;0;8,792;1,2;1011,2;1013,6;5,8;91;4,8;29;68;17,7;90;31
2022-08-01;30,4;23,9;27,3;24,5;25,1;0;8,944;16;1010,3;1012,7;4,4;92;3,2;29;112;16,1;135;1
2022-08-02;31,4;24,6;27;24,7;25,2;0;8,678;6,2;1009,2;1011,7;4,6;84;3,2;43,5;90;17,7;90;2
2022-08-03;31,3;24,7;28;25,1;25,7;0;9,641;1,4;1009,1;1011,5;7,2;62;8;30,6;45;16,1;45;3
2022-08-04;31,2;24,2;27,4;24,6;25,2;0;9,095;0;1009,5;1011,9;6,6;73;6,4;30,6;135;17,7;112;4
2022-08-05;31,1;24,9;28,1;25;25,7;0;9,734;0;1009;1011,4;7;56;6,4;27,4;45;16,1;68;5
2022-08-06;31,6;24,7;28,3;24,5;25,3;0;9,92;0;1009;1011,5;7,4;52;8;29;68;16,1;68;6
2022-08-07;32,1;23,7;27,3;23,6;24,4;0;8,986;0;1009,7;1012,1;4,8;65;6,4;27,4;68;16,1;68;7
2022-08-08;32,2;23,8;28;24,4;25,2;0;9,678;8;1009,6;1012;5,6;73;4,8;30,6;45;17,7;68;8
2022-08-09;31,9;24,8;28,5;25,1;25,8;0;10,17;0;1010,7;1013,1;6,4;55;6,4;25,7;90;12,9;90;9
2022-08-10;31,8;24,3;27,6;24,6;25,2;0;9,254;6;1011,6;1014,1;4,5;64;4,8;46,7;112;25,7;112;10
2022-08-11;31,7;23,7;27,8;24,5;25,2;0;9,455;0;1010,9;1013,3;5,6;76;4,8;22,5;68;14,5;90;11
2022-08-12;31,8;24,4;27,9;24,7;25,4;0;9,556;1,8;1011,6;1014;5,5;74;4,8;32,2;45;16,1;112;12
2022-08-13;31,7;25,4;28,9;24,6;25,5;0;10,584;0;1012;1014,4;10,8;68;11,3;29;90;17,7;45;13
2022-08-14;31,9;23,3;28,3;24,3;25,1;0;9,966;24,2;1011,7;1014,1;9,3;80;8;35,4;112;20,9;112;14
2022-08-15;31,6;24,1;27,8;24,3;25,1;0;9,444;0;1010,2;1012,6;5;71;4,8;22,5;45;11,3;68;15
2022-08-16;31,4;24,5;28,2;24,8;25,5;0;9,897;0;1009,6;1012;3,9;76;3,2;22,5;90;11,3;90;16
2022-08-17;32,1;24,6;28,5;24,8;25,6;0;10,15;0;1009,1;1011,5;5,4;78;4,8;29;68;16,1;90;17
2022-08-18;32,5;27,4;29;25,1;25,9;0;10,671;0;1009,7;1012,1;10,1;81;9,7;27,4;68;16,1;90;18
2022-08-19;32,1;25,2;28,8;25,2;26;0;10,466;0;1010,7;1013,1;8,2;70;8;27,4;45;17,7;68;19
2022-08-20;31,8;24,9;27,7;24,4;25,1;0;9,326;0;1010,1;1012,5;5,5;72;8;30,6;68;17,7;135;20
2022-08-21;31;24,9;27,7;24,4;25,1;0;9,416;0;1010,2;1012,6;4,2;90;3,2;25,7;112;14,5;112;21
2022-08-22;31,3;23,9;26,9;24;24,7;0;8,547;7;1010,1;1012,5;1,7;40;3,2;41,8;135;17,7;112;22
2022-08-23;30,9;23,5;26,5;24;24,5;0;8,203;0;1010,7;1013,2;3,3;76;4,8;27,4;112;14,5;90;23
2022-08-24;31,3;24,3;28,1;24,9;25,6;0;9,748;0;1011,3;1013,8;7,3;75;6,4;29;90;17,7;90;24
2022-08-25;31,4;24,4;27,2;24,5;25,1;0;8,897;2;1011,8;1014,3;5;73;6,4;46,7;112;25,7;112;25
2022-08-26;30,9;24,2;27,1;24,2;24,9;0;8,77;5;1011,4;1013,8;6,1;87;6,4;30,6;135;17,7;112;26
2022-08-27;31,7;23,4;27,3;24,1;24,8;0;8,957;0;1009,9;1012,4;5,6;81;4,8;30,6;135;17,7;112;27
2022-08-28;32,1;24,2;28,4;24,8;25,5;0;10,023;0;1010,2;1012,6;6;74;6,4;27,4;45;14,5;90;28
2022-08-29;32,7;25;28,8;25;25,8;0;10,505;0;1010,1;1012,5;4,6;73;4,8;22,5;68;12,9;90;29
2022-08-30;32,4;25,9;29,4;25,5;26,3;0;11,093;0;1009,8;1012,2;7;88;6,4;30,6;68;17,7;90;30
2022-08-31;32,3;26;29,1;25,3;26,1;0;10,721;0;1009,9;1012,4;8,2;100;8;37;112;19,3;112;31
2022-09-01;32,3;26,2;28,9;25,4;26,1;0;10,583;0;1008,7;1011,2;9,1;81;9,7;27,4;68;14,5;90;1
2022-09-02;32,1;26,2;29,2;25,4;26,2;0;10,856;0;1009,3;1011,7;9,7;64;9,7;32,2;68;17,7;68;2
2022-09-03;31,8;25,1;28,4;25;25,7;0;10,08;0;1010,3;1012,7;6,8;73;8;38,6;135;20,9;112;3
2022-09-04;32,1;25,1;28,5;25;25,8;0;10,152;2,4;1010,1;1012,5;7,6;72;8;35,4;112;20,9;112;4
2022-09-05;32,7;25,4;29,3;25,3;26,2;0;10,936;0;1011,1;1013,5;10,3;69;9,7;35,4;68;19,3;68;5
2022-09-06;31,9;25,3;28,8;25;25,8;0;10,043;0,8;1012;1014,5;9,3;66;9,7;35,4;68;19,3;68;6
2022-09-07;31,2;23,4;27;24,3;24,9;0;8,69;9,6;1011,5;1013,9;5,8;60;8;40,2;45;19,3;68;7
2022-09-08;31,1;24,3;27,8;24,7;25,4;0;9,517;0,4;1009,9;1012,3;8,1;64;8;33,8;68;17,7;90;8
2022-09-09;31,9;25,1;28,9;24,4;25,3;0;10,525;0;1010,5;1013;11,1;70;11,3;32,2;90;19,3;90;9
2022-09-10;32;24,5;28,9;24,7;25,6;0;10,585;0;1011,5;1013,9;9,1;66;9,7;27,4;90;16,1;90;10
2022-09-11;32,4;24,9;28,7;24,8;25,6;0;10,338;0;1010,6;1013;5;63;6,4;24,1;68;12,9;90;11
2022-09-12;32,2;24,6;28,5;24,6;25,4;0;10,201;0;1009,2;1011,6;8,1;72;9,7;30,6;90;17,7;90;12
2022-09-13;32,2;24,6;28,8;24,7;25,6;0;10,418;0;1009,1;1011,5;8,4;63;8;29;90;16,1;90;13
2022-09-14;32,4;25,1;29,1;25,1;25,9;0;10,738;0;1010,2;1012,7;9,7;71;9,7;30,6;68;16,1;90;14
2022-09-15;32,2;25,2;29;25;25,8;0;10,635;0;1010,1;1012,5;9;67;9,7;30,6;45;17,7;68;15
2022-09-16;32,3;24,7;28,9;24,9;25,7;0;10,588;0;1009,9;1012,3;8,8;66;8;27,4;68;16,1;90;16
2022-09-17;32;25;28,8;24,4;25,4;0;10,496;0;1009,3;1011,7;10,3;66;11,3;35,4;90;19,3;45;17
2022-09-18;32,2;25;28,6;24,3;25,2;0;10,275;0;1009,1;1011,5;8,8;77;9,7;32,2;68;19,3;68;18
2022-09-19;32,3;25,1;29;24,5;25,4;0;10,669;0;1008,8;1011,2;7,7;82;8;33,8;68;17,7;90;19
2022-09-20;32,6;25,2;28,7;24,5;25,4;0;10,358;12,4;1008,4;1010,8;9;77;9,7;46,7;180;29;135;20
2022-09-21;31,8;25,1;28,2;24,9;25,6;0;9,893;9,2;1008,5;1010,9;10,3;55;9,7;33,8;68;17,7;68;21
2022-09-22;32,1;24,7;28,6;23,9;24,9;0;10,295;0;1009,6;1012;8,7;50;8;29;45;16,1;68;22
2022-09-23;32,1;23,2;28,5;23,2;24,3;0;10,14;0;1010,1;1012,5;6;63;6,4;27,4;45;12,9;45;23
2022-09-24;32,2;24,4;28,5;24,1;25;0;10,098;0;1008,9;1011,3;8,8;81;8;27,4;112;17,7;90;24
2022-09-25;31,9;27;29,2;25,3;26,1;0;10,851;0;1008,7;1011,1;10,2;77;9,7;32,2;68;19,3;90;25
2022-09-26;31,8;25,4;29;24,9;25,7;0;10,688;0;1009,9;1012,3;9;59;9,7;32,2;45;17,7;90;26
2022-09-27;32,1;24,8;28,6;24,3;25,3;0;10,313;0;1009,8;1012,2;7,3;53;8;25,7;68;16,1;68;27
2022-09-28;31,9;24,6;29;24,6;25,5;0;10,687;0;1008,8;1011,2;9,9;68;9,7;29;68;17,7;45;28
2022-09-29;32;25,3;29;25,2;26;0;10,706;0;1008,4;1010,8;9,7;62;9,7;30,6;90;17,7;68;29
2022-09-30;32,2;25,7;29,1;25,2;26;0;10,736;0;1009,4;1011,8;9,7;71;9,7;30,6;90;17,7;90;30
2022-10-01;32,1;24,9;29,2;24,6;25,6;0;10,833;0;1009,7;1012,2;11,1;66;11,3;32,2;45;17,7;90;1
2022-10-02;32,2;24,7;28,7;24,5;25,4;0;10,356;0;1010,6;1013;8;76;8;29;112;16,1;90;2
2022-10-03;32,4;24,9;28,6;24,7;25,5;0;10,281;0;1010,3;1012,7;6,7;74;8;30,6;68;17,7;90;3
2022-10-04;32,1;24,2;28,5;24,8;25,6;0;10,122;0,2;1009,2;1011,6;7;72;8;29;90;17,7;90;4
2022-10-05;32,1;24,6;28,8;24,7;25,5;0;10,494;0;1008,3;1010,7;9,4;60;9,7;32,2;90;17,7;90;5
2022-10-06;32;25,1;28,8;24,3;25,3;0;10,471;0;1008,8;1011,2;9,6;52;9,7;33,8;90;17,7;90;6
2022-10-07;31,9;24,5;28,5;24,2;25,2;0;10,196;0;1009,2;1011,6;8,6;58;8;32,2;68;17,7;68;7
2022-10-08;32,1;24,1;28,6;24,6;25,5;0;10,259;0;1007,8;1010,2;7;67;8;29;90;16,1;90;8
2022-10-09;31,8;24,9;28,8;25,2;26;0;10,485;1,6;1007,9;1010,3;8,1;58;8;32,2;90;19,3;68;9
2022-10-10;31,8;25;28,3;25;25,7;0;10,001;3,6;1009,8;1012,2;8,1;59;8;30,6;45;19,3;90;10
2022-10-11;33,1;24,8;29,2;25,2;26;0;10,854;0;1009,7;1012,2;8,3;73;8;27,4;68;16,1;68;11
2022-10-12;32,1;24,8;28,5;25;25,7;0;10,203;0;1008,3;1010,7;6,2;78;8;43,5;90;22,5;112;12
2022-10-13;31,9;25,3;28,7;25;25,8;0;10,318;6,4;1008,6;1011;8,1;60;8;32,2;68;17,7;90;13
2022-10-14;32,4;26;29,3;25,2;26;0;10,971;0;1009,6;1012;10,9;58;11,3;33,8;68;20,9;68;14
2022-10-15;32,4;25,8;29,2;24,8;25,7;0;10,859;0;1009,3;1011,8;8,9;52;9,7;30,6;90;17,7;90;15
2022-10-16;31,3;25,3;28,9;24,7;25,6;0;10,6;0;1007,9;1010,4;8,2;60;9,7;37;68;16,1;68;16
2022-10-17;32,4;25,5;29,1;24,6;25,5;0;10,738;0;1007,8;1010,2;9,4;59;9,7;32,2;90;17,7;68;17
2022-10-18;32,6;26,3;29,4;24,9;25,9;0;11,094;0;1009,2;1011,6;10,8;62;11,3;40,2;68;19,3;68;18
2022-10-19;32,3;25,9;29,4;25,2;26,1;0;11,042;0;1009,2;1011,6;13;68;12,9;38,6;68;20,9;68;19
2022-10-20;32,3;25,1;29,1;24,6;25,6;0;10,725;0;1008,5;1010,9;9,5;60;9,7;32,2;45;19,3;90;20
2022-10-21;32,2;24,8;28,9;25;25,8;0;10,57;0;1007,3;1009,7;8,2;78;9,7;30,6;90;17,7;90;21
2022-10-22;32,3;25,2;29,1;25,2;26,1;0;10,794;0;1008,4;1010,8;8,7;72;9,7;29;68;16,1;90;22
2022-10-23;31,9;27,5;29,4;24,9;25,9;0;11,092;0;1009;1011,4;13,2;77;12,9;33,8;90;20,9;68;23
2022-10-24;32,6;24,8;29,2;24,8;25,7;0;10,867;0;1008,5;1010,9;10,8;82;11,3;32,2;45;17,7;90;24
2022-10-25;32,2;24,7;28,6;24,9;25,7;0;10,313;12;1008;1010,4;6,6;81;6,4;25,7;112;16,1;112;25
2022-10-26;31,3;24,1;28,5;24,6;25,4;0;10,121;12,8;1007,9;1010,4;8,6;80;8;29;68;16,1;90;26
2022-10-27;31,7;27,6;29,1;24,5;25,5;0;10,781;0;1008,2;1010,7;14,1;72;14,5;41,8;68;19,3;90;27
2022-10-28;32,2;24,9;29;24,7;25,6;0;10,672;0;1007,8;1010,3;10,4;57;9,7;33,8;68;19,3;45;28
2022-10-29;32,5;25,7;29,4;25,1;26;0;11,048;0;1006,8;1009,2;9,8;63;9,7;30,6;45;16,1;45;29
2022-10-30;32;26,1;28,3;25,2;25,9;0;9,932;2,4;1006,4;1008,8;6,2;73;6,4;38,6;158;20,9;135;30
2022-10-31;31,7;25,8;29,1;24,9;25,8;0;10,723;0;1008,3;1010,7;10,3;56;11,3;35,4;68;20,9;90;31
2022-11-01;32,4;25,1;28,9;25,2;26;0;10,552;0;1008,9;1011,3;9;58;9,7;33,8;112;20,9;90;1
2022-11-02;32,7;25,2;28,7;25,1;25,9;0;10,368;0,6;1009,6;1012;3,5;113;4,8;25,7;112;14,5;135;2
2022-11-03;33,6;25,1;28;24,9;25,6;0;9,651;6;1009,3;1011,7;0,5;202;4,8;27,4;180;16,1;135;3
2022-11-04;30,8;23,7;26,4;24,1;24,6;0;8,114;16;1009,6;1012;3,7;260;3,2;22,5;248;11,3;270;4
2022-11-05;31,1;25;27;24,5;25,1;0;8,66;0;1009,1;1011,5;1;61;1,6;20,9;202;11,3;90;5
2022-11-06;30,8;23,9;27,5;24,6;25,2;0;9,139;3,2;1009,6;1012;4,7;107;4,8;25,7;135;16,1;112;6
2022-11-07;29,7;24,3;26,1;24,1;24,6;0;7,742;0;1010,1;1012,6;0,7;345;3,2;24,1;68;14,5;90;7
2022-11-08;30,1;23,9;26,1;24;24,5;0;7,774;0,2;1010,7;1013,2;3,5;117;4,8;33,8;135;17,7;135;8
2022-11-09;30,6;24,9;27,9;24,4;25,2;0;9,559;0;1010;1012,4;11;90;11,3;32,2;90;20,9;90;9
2022-11-10;31,4;23,9;28,2;24;24,9;0;9,862;0;1009,6;1012;6,5;62;6,4;27,4;68;14,5;90;10
2022-11-11;31,8;23,5;28,2;24,3;25,1;0;9,875;0;1008,4;1010,8;5,6;63;6,4;27,4;68;17,7;68;11
2022-11-12;31,9;24,3;28,1;24,9;25,6;0;9,78;0;1008,1;1010,5;5;81;6,4;32,2;180;19,3;158;12
2022-11-13;31,8;25,1;28,1;25;25,7;0;9,805;1,4;1008;1010,4;6,7;65;8;37;90;20,9;68;13
2022-11-14;32,1;25,9;28,9;24,9;25,8;0;10,571;0;1008,7;1011,1;10,9;56;11,3;35,4;90;19,3;90;14
2022-11-15;32,3;24,9;28,8;24,8;25,6;0;10,454;0;1009,3;1011,7;8,7;63;9,7;43,5;112;24,1;112;15
2022-11-16;31,9;24,4;28,6;24,5;25,3;0;10,296;0;1009;1011,4;6,3;70;6,4;24,1;45;14,5;68;16
2022-11-17;32,1;24,4;28,5;24,6;25,5;0;10,193;0;1008,3;1010,7;6,6;59;8;32,2;45;14,5;90;17
2022-11-18;31,5;23,9;28,1;24,1;25;0;9,755;0;1008,2;1010,6;7;51;8;25,7;90;14,5;90;18
2022-11-19;31,3;25,2;28,5;24;24,9;0;10,188;0;1009;1011,4;8,9;65;9,7;27,4;68;17,7;90;19
2022-11-20;31,8;25,3;28,5;24,4;25,3;0;10,198;0;1008;1010,4;6,9;62;8;27,4;90;17,7;90;20
2022-11-21;31,9;24;28,4;24,3;25,1;0;10,022;0;1007;1009,4;7,6;52;8;27,4;45;16,1;68;21
2022-11-22;32,1;24,9;28,4;24,9;25,7;0;10,084;0;1006,9;1009,3;7,5;56;8;27,4;112;16,1;90;22
2022-11-23;31,2;25,8;28,2;25;25,7;0;9,881;0;1006,7;1009,1;6,2;69;8;38,6;135;20,9;112;23
2022-11-24;31,7;25,2;28,4;25;25,7;0;9,679;0;1007,3;1009,7;4,6;54;6,4;25,7;68;14,5;68;24
2022-11-25;31,7;23,2;27,6;24,1;24,8;0;9,257;0;1008,8;1011,2;4;62;8;25,7;112;16,1;90;25
2022-11-26;31,6;24,6;28;24,4;25,2;0;9,674;0;1009;1011,4;4,8;77;6,4;33,8;90;17,7;135;26
2022-11-27;32,3;24,6;28,6;24,6;25,4;0;10,229;2,8;1008,3;1010,7;5,7;73;6,4;22,5;90;12,9;68;27
2022-11-28;31,5;24,5;27,9;24,4;25,2;0;9,555;0;1006,5;1008,9;5,8;39;6,4;25,7;45;12,9;90;28
2022-11-29;31;23,7;25,7;23,5;24;0;7,357;28,2;1005,6;1008;3,9;1;4,8;33,8;22;17,7;22;29
2022-11-30;31,3;23,3;26,8;23,9;24,5;0;8,498;0;1005,4;1007,8;4,1;49;4,8;24,1;45;12,9;45;30
2022-12-01;30,8;24,1;27,3;24,5;25,1;0;8,938;0;1005,9;1008,3;7,5;55;8;32,2;90;17,7;68;1
2022-12-02;29,8;22,7;25,5;23,7;24,1;0;7,168;21,4;1006,1;1008,5;1,2;65;3,2;41,8;158;17,7;158;2
2022-12-03;28,9;22,4;25,1;23;23,5;0;6,811;0,2;1007;1009,4;2,5;75;3,2;24,1;68;12,9;45;3
2022-12-04;30,7;22,7;26,9;23,7;24,4;0;8,544;8,6;1006,2;1008,6;6,2;66;6,4;30,6;90;16,1;90;4
2022-12-05;27,9;21,6;25,5;23,4;23,9;0;7,206;17,4;1008,1;1010,5;3,3;79;3,2;22,5;360;9,7;22;5
2022-12-06;30,7;24,2;27,1;24,6;25,2;0;8,78;6;1009;1011,4;6,3;68;6,4;33,8;68;17,7;68;6
2022-12-07;31,2;24,8;28;25;25,7;0;9,686;1;1008,4;1010,8;7;66;6,4;35,4;135;22,5;135;7
2022-12-08;30,4;24,1;26,8;24,3;24,9;0;8,455;0;1007,9;1010,3;2,5;35;4,8;35,4;68;20,9;90;8
2022-12-09;31,3;24,3;28;24,5;25,2;0;9,658;0;1008,2;1010,6;8,4;60;8;27,4;68;16,1;90;9
2022-12-10;30,5;24,3;26,9;24;24,7;0;8,599;0,2;1009,1;1011,5;4,1;58;4,8;40,2;90;19,3;90;10
2022-12-11;30,1;23,2;26,8;24,3;24,8;0;8,493;18,2;1009,4;1011,8;5;57;6,4;27,4;45;14,5;90;11
2022-12-12;31,3;23,8;27,9;24,4;25,2;0;9,569;0;1008,5;1010,9;8,4;53;8;33,8;68;17,7;45;12
2022-12-13;31,7;24,4;28,2;24,5;25,3;0;9,863;0;1008,2;1010,6;7,9;51;8;29;45;17,7;90;13
2022-12-14;31;23,8;27,6;24,3;25;0;9,255;0;1008,6;1011;3,7;65;4,8;24,1;45;14,5;68;14
2022-12-15;31,3;23,8;27,3;24,3;25;0;9,005;11,8;1008,8;1011,2;4,4;65;6,4;35,4;68;16,1;45;15
2022-12-16;31,6;24,4;27,8;24,6;25,3;0;9,516;0,2;1007,2;1009,6;7,1;59;6,4;32,2;90;17,7;90;16
2022-12-17;30,8;24,3;27,2;24,4;25;0;8,845;0,6;1006,4;1008,8;4,7;51;4,8;48,3;68;25,7;90;17
2022-12-18;29,7;23;26,5;24,2;24,7;0;8,213;11;1007,8;1010,2;4,2;43;4,8;38,6;68;14,5;90;18
2022-12-19;31,1;23,5;27,1;24,5;25,1;0;8,782;0;1008,9;1011,3;5,5;41;6,4;29;45;16,1;45;19
2022-12-20;30,6;24,2;27,2;24,4;25;0;8,858;0;1009;1011,4;5,7;44;6,4;37;90;19,3;90;20
2022-12-21;30,7;23,8;27,2;24,3;24,9;0;8,902;0,4;1008,7;1011,1;5,6;49;6,4;30,6;360;17,7;90;21
2022-12-22;30;23,5;25,3;23,7;24,1;0;7,013;4,2;1009,3;1011,7;4,9;313;4,8;27,4;360;11,3;22;22
2022-12-23;29,1;23,7;25,8;23,5;24;0;7,488;0,4;1009,9;1012,3;3,7;24;3,2;22,5;45;11,3;22;23
2022-12-24;30,4;23,8;26,5;23,6;24,3;0;8,155;0;1009,2;1011,6;4,3;55;4,8;33,8;68;19,3;68;24
2022-12-25;30,4;23,1;26,7;24,3;24,8;0;8,383;0,4;1007,9;1010,3;4,2;51;4,8;30,6;135;17,7;112;25
2022-12-26;30;24;26,3;24;24,6;0;7,946;0,4;1008,5;1010,9;3,8;32;4,8;41,8;90;20,9;90;26
2022-12-27;29,9;23,9;26,9;23,5;24,3;0;8,529;0;1009,5;1011,9;8,3;62;8;43,5;68;24,1;90;27
2022-12-28;29,1;23,2;25,3;23,8;24,1;0;6,962;27,2;1010,3;1012,7;1,4;116;1,6;30,6;112;17,7;135;28
2022-12-29;30;22,5;25,8;23,5;24;0;7,152;6,6;1010,9;1013,3;1,4;32;3,2;19,3;68;9,7;45;29
2022-12-30;30,5;23;26,8;24,2;24,8;0;8,455;14,8;1009,7;1012,1;5,3;59;4,8;40,2;68;19,3;90;30
2022-12-31;30,9;24,1;27,1;24,5;25,1;0;8,814;1,6;1009,1;1011,5;6;64;4,8;32,2;68;16,1;90;31
